,Geographic Cluster Name,STEM,Free,Meeting Type,Total Programs,Total Capacity,Average Max Age,Average Latitude,Average Capacity,population,income,latinos,blacks,white,asian,Percent of rowded Housing,Percent of Households With Income Below Poverty Level,Unemployment Rate for Population over 16,Percent Aged 25 and Over with no High School Diploma,Percent of Population Under Age 18 and Over Age 64,Per Capita Income,Hardship Index Score
0,ALBANY PARK,Non-STEM,Free,face_to_face,175,40139.0,41.06857142857143,41.96748203994285,229.3657142857143,51542.0,46198.0,0.494,0.04,0.292,0.144,6.4,12.6,6.6,19.3,31.7,32298.0,44.8
1,ALBANY PARK,Non-STEM,Not Free,face_to_face,248,3384.0,28.177419354838708,41.972663235685616,13.64516129032258,51542.0,46198.0,0.494,0.04,0.292,0.144,6.4,12.6,6.6,19.3,31.7,32298.0,44.8
2,ALBANY PARK,Non-STEM,Not Free,online,1,10.0,12.0,41.97372818,10.0,51542.0,46198.0,0.494,0.04,0.292,0.144,6.4,12.6,6.6,19.3,31.7,32298.0,44.8
3,ALBANY PARK,STEM,Free,face_to_face,8,4279.0,48.75,41.96860838125,534.875,51542.0,46198.0,0.494,0.04,0.292,0.144,6.4,12.6,6.6,19.3,31.7,32298.0,44.8
4,ALBANY PARK,STEM,Not Free,face_to_face,7,54.0,33.285714285714285,41.97370910857143,7.714285714285714,51542.0,46198.0,0.494,0.04,0.292,0.144,6.4,12.6,6.6,19.3,31.7,32298.0,44.8
5,ARCHER HEIGHTS,Non-STEM,Free,face_to_face,99,5353.0,36.43434343434343,41.80188250585859,54.07070707070707,13393.0,42571.0,0.76,0.01,0.215,0.01,11.0,10.2,8.5,29.3,40.3,21399.0,62.9
6,ARCHER HEIGHTS,Non-STEM,Free,online,1,18.0,99.0,,18.0,13393.0,42571.0,0.76,0.01,0.215,0.01,11.0,10.2,8.5,29.3,40.3,21399.0,62.9
7,ARCHER HEIGHTS,Non-STEM,Not Free,face_to_face,166,3696.0,27.373493975903614,41.80349828024095,22.265060240963855,13393.0,42571.0,0.76,0.01,0.215,0.01,11.0,10.2,8.5,29.3,40.3,21399.0,62.9
8,ARCHER HEIGHTS,Non-STEM,Not Free,online,4,39.0,10.25,41.80348587,9.75,13393.0,42571.0,0.76,0.01,0.215,0.01,11.0,10.2,8.5,29.3,40.3,21399.0,62.9
9,ARCHER HEIGHTS,STEM,Free,face_to_face,4,1831.0,99.0,41.81974602,457.75,13393.0,42571.0,0.76,0.01,0.215,0.01,11.0,10.2,8.5,29.3,40.3,21399.0,62.9
10,ARCHER HEIGHTS,STEM,Not Free,face_to_face,3,0.0,99.0,41.80350113,0.0,13393.0,42571.0,0.76,0.01,0.215,0.01,11.0,10.2,8.5,29.3,40.3,21399.0,62.9
11,ARMOUR SQUARE,Non-STEM,Free,face_to_face,147,52740.0,45.17687074829932,41.844489323129245,358.7755102040816,13391.0,27619.0,0.035,0.106,0.123,0.726,5.7,28.3,7.1,33.6,42.7,24823.0,62.9
12,ARMOUR SQUARE,Non-STEM,Not Free,face_to_face,274,2575.0,28.598540145985403,41.83508034697073,9.397810218978103,13391.0,27619.0,0.035,0.106,0.123,0.726,5.7,28.3,7.1,33.6,42.7,24823.0,62.9
13,ARMOUR SQUARE,Non-STEM,Not Free,online,6,90.0,84.66666666666667,41.836811065,15.0,13391.0,27619.0,0.035,0.106,0.123,0.726,5.7,28.3,7.1,33.6,42.7,24823.0,62.9
14,ARMOUR SQUARE,STEM,Free,face_to_face,3,74.0,43.666666666666664,41.85435994666667,24.666666666666668,13391.0,27619.0,0.035,0.106,0.123,0.726,5.7,28.3,7.1,33.6,42.7,24823.0,62.9
15,ARMOUR SQUARE,STEM,Not Free,face_to_face,20,38.0,81.05,41.83126258699999,1.9,13391.0,27619.0,0.035,0.106,0.123,0.726,5.7,28.3,7.1,33.6,42.7,24823.0,62.9
16,ASHBURN,Non-STEM,Free,face_to_face,345,225197.0,50.402898550724636,41.746689594289855,652.7449275362319,41081.0,62238.0,0.368,0.462,0.152,0.007,4.0,13.0,10.5,17.8,38.0,25905.0,47.4
17,ASHBURN,Non-STEM,Free,online,5,18214.0,80.0,,3642.8,41081.0,62238.0,0.368,0.462,0.152,0.007,4.0,13.0,10.5,17.8,38.0,25905.0,47.4
18,ASHBURN,Non-STEM,Not Free,face_to_face,684,10480.0,30.005847953216374,41.74269468668143,15.321637426900585,41081.0,62238.0,0.368,0.462,0.152,0.007,4.0,13.0,10.5,17.8,38.0,25905.0,47.4
19,ASHBURN,Non-STEM,Not Free,online,25,371.0,44.84,41.7409774792,14.84,41081.0,62238.0,0.368,0.462,0.152,0.007,4.0,13.0,10.5,17.8,38.0,25905.0,47.4
20,ASHBURN,STEM,Free,face_to_face,12,528.0,82.91666666666667,41.774168331666665,44.0,41081.0,62238.0,0.368,0.462,0.152,0.007,4.0,13.0,10.5,17.8,38.0,25905.0,47.4
21,ASHBURN,STEM,Free,online,1,18.0,99.0,,18.0,41081.0,62238.0,0.368,0.462,0.152,0.007,4.0,13.0,10.5,17.8,38.0,25905.0,47.4
22,ASHBURN,STEM,Not Free,face_to_face,17,9.0,93.76470588235294,41.74041119588236,0.5294117647058824,41081.0,62238.0,0.368,0.462,0.152,0.007,4.0,13.0,10.5,17.8,38.0,25905.0,47.4
23,AUBURN GRESHAM,Non-STEM,Free,face_to_face,431,246728.0,39.343387470997676,41.7503722107656,572.4547563805104,48743.0,34767.0,0.009,0.978,0.003,0.001,1.6,24.2,16.5,15.0,42.3,20665.0,53.2
24,AUBURN GRESHAM,Non-STEM,Free,online,5,278.0,55.8,41.75737381,55.6,48743.0,34767.0,0.009,0.978,0.003,0.001,1.6,24.2,16.5,15.0,42.3,20665.0,53.2
25,AUBURN GRESHAM,Non-STEM,Not Free,face_to_face,268,4524.0,39.5634328358209,41.74239112992556,16.880597014925375,48743.0,34767.0,0.009,0.978,0.003,0.001,1.6,24.2,16.5,15.0,42.3,20665.0,53.2
26,AUBURN GRESHAM,Non-STEM,Not Free,online,32,340.0,41.75,41.741394039999996,10.625,48743.0,34767.0,0.009,0.978,0.003,0.001,1.6,24.2,16.5,15.0,42.3,20665.0,53.2
27,AUBURN GRESHAM,STEM,Free,face_to_face,68,4606.0,21.485294117647058,41.74052726500003,67.73529411764706,48743.0,34767.0,0.009,0.978,0.003,0.001,1.6,24.2,16.5,15.0,42.3,20665.0,53.2
28,AUBURN GRESHAM,STEM,Free,online,1,18.0,99.0,,18.0,48743.0,34767.0,0.009,0.978,0.003,0.001,1.6,24.2,16.5,15.0,42.3,20665.0,53.2
29,AUBURN GRESHAM,STEM,Not Free,face_to_face,20,119.0,97.05,41.741490743499995,5.95,48743.0,34767.0,0.009,0.978,0.003,0.001,1.6,24.2,16.5,15.0,42.3,20665.0,53.2
30,AUSTIN,Non-STEM,Free,face_to_face,1009,1096338.0,46.38751238850347,41.89269702341937,1086.5589692765113,98514.0,32358.0,0.089,0.851,0.044,0.006,4.2,27.1,13.4,18.1,39.4,21385.0,56.1
31,AUSTIN,Non-STEM,Free,online,24,2213.0,29.375,41.87928104549998,92.20833333333333,98514.0,32358.0,0.089,0.851,0.044,0.006,4.2,27.1,13.4,18.1,39.4,21385.0,56.1
32,AUSTIN,Non-STEM,Not Free,face_to_face,645,7012.0,47.669767441860465,41.892393878108344,10.871317829457364,98514.0,32358.0,0.089,0.851,0.044,0.006,4.2,27.1,13.4,18.1,39.4,21385.0,56.1
33,AUSTIN,Non-STEM,Not Free,online,103,1609.0,45.310679611650485,41.89022082796123,15.62135922330097,98514.0,32358.0,0.089,0.851,0.044,0.006,4.2,27.1,13.4,18.1,39.4,21385.0,56.1
34,AUSTIN,STEM,Free,face_to_face,44,2713.0,32.86363636363637,41.89094135977272,61.65909090909091,98514.0,32358.0,0.089,0.851,0.044,0.006,4.2,27.1,13.4,18.1,39.4,21385.0,56.1
35,AUSTIN,STEM,Free,online,1,0.0,24.0,,0.0,98514.0,32358.0,0.089,0.851,0.044,0.006,4.2,27.1,13.4,18.1,39.4,21385.0,56.1
36,AUSTIN,STEM,Not Free,face_to_face,51,0.0,99.0,41.890745425098046,0.0,98514.0,32358.0,0.089,0.851,0.044,0.006,4.2,27.1,13.4,18.1,39.4,21385.0,56.1
37,AVALON PARK,Non-STEM,Free,face_to_face,216,63764.0,61.48148148148148,41.746986669907386,295.2037037037037,10185.0,46903.0,0.015,0.957,0.008,0.002,1.7,16.0,15.7,9.6,42.3,29198.0,46.1
38,AVALON PARK,Non-STEM,Free,online,2,442.0,7.0,,221.0,10185.0,46903.0,0.015,0.957,0.008,0.002,1.7,16.0,15.7,9.6,42.3,29198.0,46.1
39,AVALON PARK,Non-STEM,Not Free,face_to_face,67,1741.0,42.95522388059702,41.74360269761199,25.98507462686567,10185.0,46903.0,0.015,0.957,0.008,0.002,1.7,16.0,15.7,9.6,42.3,29198.0,46.1
40,AVALON PARK,Non-STEM,Not Free,online,1,10.0,13.0,41.743640899999995,10.0,10185.0,46903.0,0.015,0.957,0.008,0.002,1.7,16.0,15.7,9.6,42.3,29198.0,46.1
41,AVALON PARK,STEM,Free,face_to_face,1,99.0,99.0,41.74629974,99.0,10185.0,46903.0,0.015,0.957,0.008,0.002,1.7,16.0,15.7,9.6,42.3,29198.0,46.1
42,AVALON PARK,STEM,Not Free,face_to_face,4,0.0,99.0,41.74359894,0.0,10185.0,46903.0,0.015,0.957,0.008,0.002,1.7,16.0,15.7,9.6,42.3,29198.0,46.1
43,AVONDALE,Non-STEM,Free,face_to_face,49,1284.0,55.795918367346935,41.94115385836733,26.20408163265306,39262.0,46519.0,0.644,0.025,0.284,0.03,2.7,12.1,5.0,15.7,28.4,35760.0,34.1
44,AVONDALE,Non-STEM,Not Free,face_to_face,1513,19611.0,54.46331791143424,41.94931341423012,12.961665565102445,39262.0,46519.0,0.644,0.025,0.284,0.03,2.7,12.1,5.0,15.7,28.4,35760.0,34.1
45,AVONDALE,Non-STEM,Not Free,online,25,310.0,7.2,41.941311034400016,12.4,39262.0,46519.0,0.644,0.025,0.284,0.03,2.7,12.1,5.0,15.7,28.4,35760.0,34.1
46,AVONDALE,STEM,Free,face_to_face,1,25.0,19.0,41.94139862,25.0,39262.0,46519.0,0.644,0.025,0.284,0.03,2.7,12.1,5.0,15.7,28.4,35760.0,34.1
47,AVONDALE,STEM,Not Free,face_to_face,8,35.0,52.5,41.9411354075,4.375,39262.0,46519.0,0.644,0.025,0.284,0.03,2.7,12.1,5.0,15.7,28.4,35760.0,34.1
48,AVONDALE,STEM,Not Free,online,6,100.0,6.0,41.94128418,16.666666666666668,39262.0,46519.0,0.644,0.025,0.284,0.03,2.7,12.1,5.0,15.7,28.4,35760.0,34.1
49,BELMONT CRAGIN,Non-STEM,Free,face_to_face,243,47670.0,45.58847736625514,41.928935579217985,196.17283950617283,78743.0,42842.0,0.789,0.032,0.152,0.02,7.3,15.2,5.1,31.6,37.0,21612.0,56.3
50,BELMONT CRAGIN,Non-STEM,Free,online,1,18.0,99.0,,18.0,78743.0,42842.0,0.789,0.032,0.152,0.02,7.3,15.2,5.1,31.6,37.0,21612.0,56.3
51,BELMONT CRAGIN,Non-STEM,Not Free,face_to_face,481,5202.0,30.20790020790021,41.923550720997554,10.814968814968815,78743.0,42842.0,0.789,0.032,0.152,0.02,7.3,15.2,5.1,31.6,37.0,21612.0,56.3
52,BELMONT CRAGIN,Non-STEM,Not Free,online,65,789.0,30.50769230769231,41.92312364323077,12.138461538461538,78743.0,42842.0,0.789,0.032,0.152,0.02,7.3,15.2,5.1,31.6,37.0,21612.0,56.3
53,BELMONT CRAGIN,STEM,Free,face_to_face,6,59.0,11.333333333333334,41.91513442666667,9.833333333333334,78743.0,42842.0,0.789,0.032,0.152,0.02,7.3,15.2,5.1,31.6,37.0,21612.0,56.3
54,BELMONT CRAGIN,STEM,Not Free,face_to_face,28,100.0,70.46428571428571,41.92331695357144,3.5714285714285716,78743.0,42842.0,0.789,0.032,0.152,0.02,7.3,15.2,5.1,31.6,37.0,21612.0,56.3
55,BELMONT CRAGIN,STEM,Not Free,online,1,10.0,6.0,41.9228859,10.0,78743.0,42842.0,0.789,0.032,0.152,0.02,7.3,15.2,5.1,31.6,37.0,21612.0,56.3
56,BEVERLY,Non-STEM,Free,face_to_face,310,31221.0,44.73870967741936,41.71952293448408,100.71290322580646,20034.0,83092.0,0.046,0.341,0.588,0.006,0.6,5.7,5.9,2.5,40.4,55811.0,26.3
57,BEVERLY,Non-STEM,Not Free,face_to_face,626,13551.0,30.119808306709267,41.71627142378624,21.64696485623003,20034.0,83092.0,0.046,0.341,0.588,0.006,0.6,5.7,5.9,2.5,40.4,55811.0,26.3
58,BEVERLY,Non-STEM,Not Free,online,8,82.0,34.5,41.71930313000001,10.25,20034.0,83092.0,0.046,0.341,0.588,0.006,0.6,5.7,5.9,2.5,40.4,55811.0,26.3
59,BEVERLY,STEM,Free,face_to_face,17,2490.0,79.76470588235294,41.71859404823528,146.47058823529412,20034.0,83092.0,0.046,0.341,0.588,0.006,0.6,5.7,5.9,2.5,40.4,55811.0,26.3
60,BEVERLY,STEM,Not Free,face_to_face,68,351.0,45.75,41.71530594808822,5.161764705882353,20034.0,83092.0,0.046,0.341,0.588,0.006,0.6,5.7,5.9,2.5,40.4,55811.0,26.3
61,BRIDGEPORT,Non-STEM,Free,face_to_face,300,72370.0,39.29333333333334,41.832661337066455,241.23333333333332,31977.0,42382.0,0.27,0.021,0.351,0.345,3.2,14.0,6.8,19.1,32.8,31693.0,41.1
62,BRIDGEPORT,Non-STEM,Free,online,2,20.0,61.5,41.83669853,10.0,31977.0,42382.0,0.27,0.021,0.351,0.345,3.2,14.0,6.8,19.1,32.8,31693.0,41.1
63,BRIDGEPORT,Non-STEM,Not Free,face_to_face,468,6691.0,38.1965811965812,41.83759778978639,14.297008547008547,31977.0,42382.0,0.27,0.021,0.351,0.345,3.2,14.0,6.8,19.1,32.8,31693.0,41.1
64,BRIDGEPORT,Non-STEM,Not Free,online,18,260.0,88.66666666666667,41.84120559555556,14.444444444444445,31977.0,42382.0,0.27,0.021,0.351,0.345,3.2,14.0,6.8,19.1,32.8,31693.0,41.1
65,BRIDGEPORT,STEM,Free,face_to_face,1,18.0,99.0,41.83102417,18.0,31977.0,42382.0,0.27,0.021,0.351,0.345,3.2,14.0,6.8,19.1,32.8,31693.0,41.1
66,BRIDGEPORT,STEM,Not Free,face_to_face,18,75.0,72.44444444444444,41.8269543138889,4.166666666666667,31977.0,42382.0,0.27,0.021,0.351,0.345,3.2,14.0,6.8,19.1,32.8,31693.0,41.1
67,BRIGHTON PARK,Non-STEM,Free,face_to_face,320,8907469.0,31.546875,41.816234229249986,27835.840625,45368.0,39289.0,0.853,0.012,0.081,0.05,9.2,18.8,10.7,34.0,37.5,18313.0,65.5
68,BRIGHTON PARK,Non-STEM,Free,online,4,3696.0,74.75,,924.0,45368.0,39289.0,0.853,0.012,0.081,0.05,9.2,18.8,10.7,34.0,37.5,18313.0,65.5
69,BRIGHTON PARK,Non-STEM,Not Free,face_to_face,35,1313.0,12.8,41.81929768599999,37.51428571428571,45368.0,39289.0,0.853,0.012,0.081,0.05,9.2,18.8,10.7,34.0,37.5,18313.0,65.5
70,BRIGHTON PARK,Non-STEM,Not Free,online,3,42.0,40.0,41.81925583,14.0,45368.0,39289.0,0.853,0.012,0.081,0.05,9.2,18.8,10.7,34.0,37.5,18313.0,65.5
71,BRIGHTON PARK,STEM,Free,face_to_face,8,1561.0,38.125,41.8150758725,195.125,45368.0,39289.0,0.853,0.012,0.081,0.05,9.2,18.8,10.7,34.0,37.5,18313.0,65.5
72,BURNSIDE,Non-STEM,Free,face_to_face,2,200.0,99.0,41.724086764999996,100.0,2916.0,32553.0,0.007,0.977,0.007,0.0,1.8,19.8,15.9,14.2,40.2,26587.0,49.1
73,Back of the Yards,Non-STEM,Free,face_to_face,955,1714800.0,34.54973821989529,41.80680746162455,1795.6020942408377,44377.0,32222.0,0.573,0.296,0.106,0.016,5.5,28.7,16.8,30.6,40.2,18040.0,67.0
74,Back of the Yards,Non-STEM,Free,online,2,1831.0,99.0,,915.5,44377.0,32222.0,0.573,0.296,0.106,0.016,5.5,28.7,16.8,30.6,40.2,18040.0,67.0
75,Back of the Yards,Non-STEM,Not Free,face_to_face,344,5349.0,52.18604651162791,41.807550485377945,15.549418604651162,44377.0,32222.0,0.573,0.296,0.106,0.016,5.5,28.7,16.8,30.6,40.2,18040.0,67.0
76,Back of the Yards,Non-STEM,Not Free,online,45,552.0,52.13333333333333,41.8401386651111,12.266666666666667,44377.0,32222.0,0.573,0.296,0.106,0.016,5.5,28.7,16.8,30.6,40.2,18040.0,67.0
77,Back of the Yards,STEM,Free,face_to_face,41,1198976.0,69.53658536585365,41.812197895609735,29243.317073170732,44377.0,32222.0,0.573,0.296,0.106,0.016,5.5,28.7,16.8,30.6,40.2,18040.0,67.0
78,Back of the Yards,STEM,Not Free,face_to_face,29,30.0,96.06896551724138,41.806765720689654,1.0344827586206897,44377.0,32222.0,0.573,0.296,0.106,0.016,5.5,28.7,16.8,30.6,40.2,18040.0,67.0
79,Bronzeville/South Lakefront,Non-STEM,Free,face_to_face,1964,2400690.0,41.12525458248472,41.815468839226625,1222.347250509165,46085.0,27215.0,0.01933333333333333,0.8693333333333332,0.046000000000000006,0.04533333333333334,1.8999999999999997,29.599999999999998,15.800000000000002,10.433333333333332,36.699999999999996,28819.0,48.800000000000004
80,Bronzeville/South Lakefront,Non-STEM,Free,online,24,2187.0,40.541666666666664,41.81950939529411,91.125,46085.0,27215.0,0.01933333333333333,0.8693333333333332,0.046000000000000006,0.04533333333333334,1.8999999999999997,29.599999999999998,15.800000000000002,10.433333333333332,36.699999999999996,28819.0,48.800000000000004
81,Bronzeville/South Lakefront,Non-STEM,Not Free,face_to_face,1762,23311.0,50.327468785471055,41.81531869310983,13.229852440408626,46085.0,27215.0,0.01933333333333333,0.8693333333333332,0.046000000000000006,0.04533333333333334,1.8999999999999997,29.599999999999998,15.800000000000002,10.433333333333332,36.699999999999996,28819.0,48.800000000000004
82,Bronzeville/South Lakefront,Non-STEM,Not Free,online,186,3397.0,31.43010752688172,41.806982204085955,18.263440860215052,46085.0,27215.0,0.01933333333333333,0.8693333333333332,0.046000000000000006,0.04533333333333334,1.8999999999999997,29.599999999999998,15.800000000000002,10.433333333333332,36.699999999999996,28819.0,48.800000000000004
83,Bronzeville/South Lakefront,STEM,Free,face_to_face,82,4780.0,43.5609756097561,41.8112029559756,58.292682926829265,46085.0,27215.0,0.01933333333333333,0.8693333333333332,0.046000000000000006,0.04533333333333334,1.8999999999999997,29.599999999999998,15.800000000000002,10.433333333333332,36.699999999999996,28819.0,48.800000000000004
84,Bronzeville/South Lakefront,STEM,Not Free,face_to_face,144,169.0,90.6875,41.81634709562498,1.1736111111111112,46085.0,27215.0,0.01933333333333333,0.8693333333333332,0.046000000000000006,0.04533333333333334,1.8999999999999997,29.599999999999998,15.800000000000002,10.433333333333332,36.699999999999996,28819.0,48.800000000000004
85,Bronzeville/South Lakefront,STEM,Not Free,online,2,30.0,13.0,41.83043671,15.0,46085.0,27215.0,0.01933333333333333,0.8693333333333332,0.046000000000000006,0.04533333333333334,1.8999999999999997,29.599999999999998,15.800000000000002,10.433333333333332,36.699999999999996,28819.0,48.800000000000004
86,CALUMET HEIGHTS,Non-STEM,Free,face_to_face,44,738.0,43.29545454545455,41.735731212045444,16.772727272727273,13812.0,55669.0,0.041,0.934,0.009,0.002,0.8,14.2,7.1,5.7,42.5,35884.0,36.5
87,CALUMET HEIGHTS,Non-STEM,Not Free,face_to_face,34,659.0,36.911764705882355,41.73440809970586,19.38235294117647,13812.0,55669.0,0.041,0.934,0.009,0.002,0.8,14.2,7.1,5.7,42.5,35884.0,36.5
88,CALUMET HEIGHTS,STEM,Free,face_to_face,1,0.0,19.0,41.73276138,0.0,13812.0,55669.0,0.041,0.934,0.009,0.002,0.8,14.2,7.1,5.7,42.5,35884.0,36.5
89,CHATHAM,Non-STEM,Free,face_to_face,275,27945.0,37.85090909090909,41.745719854306614,101.61818181818182,31028.0,32057.0,0.01,0.972,0.004,0.001,1.7,25.6,16.7,11.8,37.7,25788.0,49.2
90,CHATHAM,Non-STEM,Free,online,1,18.0,99.0,,18.0,31028.0,32057.0,0.01,0.972,0.004,0.001,1.7,25.6,16.7,11.8,37.7,25788.0,49.2
91,CHATHAM,Non-STEM,Not Free,face_to_face,100,1783.0,35.88,41.734193000300046,17.83,31028.0,32057.0,0.01,0.972,0.004,0.001,1.7,25.6,16.7,11.8,37.7,25788.0,49.2
92,CHATHAM,STEM,Free,face_to_face,15,14030.0,77.53333333333333,41.753079224000004,935.3333333333334,31028.0,32057.0,0.01,0.972,0.004,0.001,1.7,25.6,16.7,11.8,37.7,25788.0,49.2
93,CHATHAM,STEM,Not Free,face_to_face,6,30.0,85.5,41.733181,5.0,31028.0,32057.0,0.01,0.972,0.004,0.001,1.7,25.6,16.7,11.8,37.7,25788.0,49.2
94,CHICAGO LAWN,Non-STEM,Free,face_to_face,322,41162.0,48.40372670807454,41.77031153453395,127.83229813664596,55628.0,37779.0,0.452,0.493,0.043,0.003,4.3,20.4,17.0,25.3,39.9,17620.0,60.0
95,CHICAGO LAWN,Non-STEM,Free,online,4,1859.0,99.0,41.77054596,464.75,55628.0,37779.0,0.452,0.493,0.043,0.003,4.3,20.4,17.0,25.3,39.9,17620.0,60.0
96,CHICAGO LAWN,Non-STEM,Not Free,face_to_face,297,5232.0,40.505050505050505,41.76987299077463,17.616161616161616,55628.0,37779.0,0.452,0.493,0.043,0.003,4.3,20.4,17.0,25.3,39.9,17620.0,60.0
97,CHICAGO LAWN,Non-STEM,Not Free,online,22,300.0,99.0,41.77054596000002,13.636363636363637,55628.0,37779.0,0.452,0.493,0.043,0.003,4.3,20.4,17.0,25.3,39.9,17620.0,60.0
98,CHICAGO LAWN,STEM,Free,face_to_face,2,117.0,99.0,41.829133985,58.5,55628.0,37779.0,0.452,0.493,0.043,0.003,4.3,20.4,17.0,25.3,39.9,17620.0,60.0
99,CHICAGO LAWN,STEM,Not Free,face_to_face,10,28.0,72.0,41.770610426,2.8,55628.0,37779.0,0.452,0.493,0.043,0.003,4.3,20.4,17.0,25.3,39.9,17620.0,60.0
100,CLEARING,Non-STEM,Free,face_to_face,254,33297.0,53.10629921259842,41.782168330632274,131.09055118110237,23139.0,54123.0,0.453,0.012,0.515,0.009,2.2,9.0,10.6,12.2,35.9,27582.0,39.4
101,CLEARING,Non-STEM,Free,online,4,72.0,99.0,,18.0,23139.0,54123.0,0.453,0.012,0.515,0.009,2.2,9.0,10.6,12.2,35.9,27582.0,39.4
102,CLEARING,Non-STEM,Not Free,face_to_face,636,13683.0,21.99685534591195,41.781761860125684,21.514150943396228,23139.0,54123.0,0.453,0.012,0.515,0.009,2.2,9.0,10.6,12.2,35.9,27582.0,39.4
103,CLEARING,Non-STEM,Not Free,online,14,242.0,29.785714285714285,41.78257097857142,17.285714285714285,23139.0,54123.0,0.453,0.012,0.515,0.009,2.2,9.0,10.6,12.2,35.9,27582.0,39.4
104,CLEARING,STEM,Free,face_to_face,12,214.0,26.25,41.78196938999999,17.833333333333332,23139.0,54123.0,0.453,0.012,0.515,0.009,2.2,9.0,10.6,12.2,35.9,27582.0,39.4
105,CLEARING,STEM,Not Free,face_to_face,14,47.0,73.5,41.7829137542857,3.357142857142857,23139.0,54123.0,0.453,0.012,0.515,0.009,2.2,9.0,10.6,12.2,35.9,27582.0,39.4
106,DUNNING,Non-STEM,Free,face_to_face,260,214481.0,47.526923076923076,41.942118850500016,824.9269230769231,41932.0,61584.0,0.238,0.007,0.704,0.038,2.3,8.7,4.4,10.8,36.3,33823.0,34.5
107,DUNNING,Non-STEM,Free,online,2,1831.0,99.0,,915.5,41932.0,61584.0,0.238,0.007,0.704,0.038,2.3,8.7,4.4,10.8,36.3,33823.0,34.5
108,DUNNING,Non-STEM,Not Free,face_to_face,725,12260.0,27.26896551724138,41.94700965204168,16.910344827586208,41932.0,61584.0,0.238,0.007,0.704,0.038,2.3,8.7,4.4,10.8,36.3,33823.0,34.5
109,DUNNING,Non-STEM,Not Free,online,41,694.0,65.0,41.9462611529268,16.926829268292682,41932.0,61584.0,0.238,0.007,0.704,0.038,2.3,8.7,4.4,10.8,36.3,33823.0,34.5
110,DUNNING,STEM,Free,face_to_face,7,362.0,41.285714285714285,41.943654741428574,51.714285714285715,41932.0,61584.0,0.238,0.007,0.704,0.038,2.3,8.7,4.4,10.8,36.3,33823.0,34.5
111,DUNNING,STEM,Not Free,face_to_face,80,390.0,46.9375,41.94848852312498,4.875,41932.0,61584.0,0.238,0.007,0.704,0.038,2.3,8.7,4.4,10.8,36.3,33823.0,34.5
112,EAST SIDE,Non-STEM,Free,face_to_face,241,65955.0,35.72199170124481,41.700438726597554,273.6721991701245,23042.0,41196.0,0.784,0.034,0.172,0.002,3.6,13.7,8.1,27.6,41.6,21929.0,52.5
113,EAST SIDE,Non-STEM,Not Free,face_to_face,495,5854.0,25.88282828282828,41.71052057303029,11.826262626262626,23042.0,41196.0,0.784,0.034,0.172,0.002,3.6,13.7,8.1,27.6,41.6,21929.0,52.5
114,EAST SIDE,Non-STEM,Not Free,online,9,97.0,49.333333333333336,41.695910133333335,10.777777777777779,23042.0,41196.0,0.784,0.034,0.172,0.002,3.6,13.7,8.1,27.6,41.6,21929.0,52.5
115,EAST SIDE,STEM,Free,face_to_face,12,515.0,55.416666666666664,41.70273780916667,42.916666666666664,23042.0,41196.0,0.784,0.034,0.172,0.002,3.6,13.7,8.1,27.6,41.6,21929.0,52.5
116,EAST SIDE,STEM,Not Free,face_to_face,24,203.0,71.54166666666667,41.713692665,8.458333333333334,23042.0,41196.0,0.784,0.034,0.172,0.002,3.6,13.7,8.1,27.6,41.6,21929.0,52.5
117,EDGEWATER,Non-STEM,Free,face_to_face,421,6817641.0,56.04038004750594,41.98877456814728,16193.9216152019,56521.0,43331.0,0.165,0.143,0.547,0.116,4.2,15.1,5.5,9.2,26.1,42486.0,32.6
118,EDGEWATER,Non-STEM,Free,online,10,3771.0,50.4,41.9944014575,377.1,56521.0,43331.0,0.165,0.143,0.547,0.116,4.2,15.1,5.5,9.2,26.1,42486.0,32.6
119,EDGEWATER,Non-STEM,Not Free,face_to_face,515,7206.0,31.57281553398058,41.9907564099806,13.992233009708738,56521.0,43331.0,0.165,0.143,0.547,0.116,4.2,15.1,5.5,9.2,26.1,42486.0,32.6
120,EDGEWATER,Non-STEM,Not Free,online,119,1948.0,67.91596638655462,41.99259734134446,16.369747899159663,56521.0,43331.0,0.165,0.143,0.547,0.116,4.2,15.1,5.5,9.2,26.1,42486.0,32.6
121,EDGEWATER,STEM,Free,face_to_face,8,2424.0,45.875,41.99079799625,303.0,56521.0,43331.0,0.165,0.143,0.547,0.116,4.2,15.1,5.5,9.2,26.1,42486.0,32.6
122,EDGEWATER,STEM,Free,online,3,50.0,99.0,41.99486542,16.666666666666668,56521.0,43331.0,0.165,0.143,0.547,0.116,4.2,15.1,5.5,9.2,26.1,42486.0,32.6
123,EDGEWATER,STEM,Not Free,face_to_face,28,161.0,67.10714285714286,41.99286188357144,5.75,56521.0,43331.0,0.165,0.143,0.547,0.116,4.2,15.1,5.5,9.2,26.1,42486.0,32.6
124,EDGEWATER,STEM,Not Free,online,5,90.0,24.6,41.99486542,18.0,56521.0,43331.0,0.165,0.143,0.547,0.116,4.2,15.1,5.5,9.2,26.1,42486.0,32.6
125,EDISON PARK,Non-STEM,Free,face_to_face,58,4536.0,48.37931034482759,42.0018876163793,78.20689655172414,11187.0,77678.0,0.078,0.003,0.884,0.024,0.1,5.1,1.8,4.3,36.5,61124.0,20.7
126,EDISON PARK,Non-STEM,Free,online,2,45.0,52.5,42.00170326,22.5,11187.0,77678.0,0.078,0.003,0.884,0.024,0.1,5.1,1.8,4.3,36.5,61124.0,20.7
127,EDISON PARK,Non-STEM,Not Free,face_to_face,694,9785.0,21.2521613832853,42.00385975397732,14.09942363112392,11187.0,77678.0,0.078,0.003,0.884,0.024,0.1,5.1,1.8,4.3,36.5,61124.0,20.7
128,EDISON PARK,Non-STEM,Not Free,online,54,854.0,21.203703703703702,42.00083506370367,15.814814814814815,11187.0,77678.0,0.078,0.003,0.884,0.024,0.1,5.1,1.8,4.3,36.5,61124.0,20.7
129,EDISON PARK,STEM,Not Free,face_to_face,18,141.0,38.111111111111114,42.00337049777778,7.833333333333333,11187.0,77678.0,0.078,0.003,0.884,0.024,0.1,5.1,1.8,4.3,36.5,61124.0,20.7
130,EDISON PARK,STEM,Not Free,online,3,57.0,6.333333333333333,42.00404739,19.0,11187.0,77678.0,0.078,0.003,0.884,0.024,0.1,5.1,1.8,4.3,36.5,61124.0,20.7
131,ENGLEWOOD,Non-STEM,Free,face_to_face,221,18601.0,38.8235294117647,41.778609796545474,84.16742081447964,30654.0,19743.0,0.011,0.974,0.003,0.001,1.4,39.7,24.9,23.7,42.7,15034.0,68.2
132,ENGLEWOOD,Non-STEM,Not Free,face_to_face,150,1869.0,39.32,41.77761756793338,12.46,30654.0,19743.0,0.011,0.974,0.003,0.001,1.4,39.7,24.9,23.7,42.7,15034.0,68.2
133,ENGLEWOOD,Non-STEM,Not Free,online,12,140.0,25.416666666666668,41.77306429750001,11.666666666666666,30654.0,19743.0,0.011,0.974,0.003,0.001,1.4,39.7,24.9,23.7,42.7,15034.0,68.2
134,ENGLEWOOD,STEM,Free,face_to_face,14,302.0,28.357142857142858,41.778648647857146,21.571428571428573,30654.0,19743.0,0.011,0.974,0.003,0.001,1.4,39.7,24.9,23.7,42.7,15034.0,68.2
135,ENGLEWOOD,STEM,Not Free,face_to_face,6,0.0,99.0,41.776699065,0.0,30654.0,19743.0,0.011,0.974,0.003,0.001,1.4,39.7,24.9,23.7,42.7,15034.0,68.2
136,FOREST GLEN,Non-STEM,Free,face_to_face,186,19605.0,33.53225806451613,41.99203327010756,105.40322580645162,18508.0,87394.0,0.115,0.007,0.746,0.107,1.1,5.6,4.9,5.4,42.5,59039.0,28.1
137,FOREST GLEN,Non-STEM,Free,online,2,1831.0,99.0,,915.5,18508.0,87394.0,0.115,0.007,0.746,0.107,1.1,5.6,4.9,5.4,42.5,59039.0,28.1
138,FOREST GLEN,Non-STEM,Not Free,face_to_face,368,5456.0,25.472826086956523,41.99257015016299,14.826086956521738,18508.0,87394.0,0.115,0.007,0.746,0.107,1.1,5.6,4.9,5.4,42.5,59039.0,28.1
139,FOREST GLEN,STEM,Free,face_to_face,3,36.0,99.0,41.956834156666666,12.0,18508.0,87394.0,0.115,0.007,0.746,0.107,1.1,5.6,4.9,5.4,42.5,59039.0,28.1
140,FOREST GLEN,STEM,Not Free,face_to_face,7,54.0,36.714285714285715,41.987996235714284,7.714285714285714,18508.0,87394.0,0.115,0.007,0.746,0.107,1.1,5.6,4.9,5.4,42.5,59039.0,28.1
141,FULLER PARK,Non-STEM,Free,face_to_face,89,2129.0,25.876404494382022,41.81202235191003,23.921348314606742,2876.0,15086.0,0.046,0.922,0.016,0.002,1.3,51.9,25.1,23.8,47.2,13982.0,75.1
142,FULLER PARK,Non-STEM,Not Free,face_to_face,75,788.0,52.25333333333333,41.812098900533265,10.506666666666666,2876.0,15086.0,0.046,0.922,0.016,0.002,1.3,51.9,25.1,23.8,47.2,13982.0,75.1
143,FULLER PARK,Non-STEM,Not Free,online,4,45.0,36.25,41.8120575,11.25,2876.0,15086.0,0.046,0.922,0.016,0.002,1.3,51.9,25.1,23.8,47.2,13982.0,75.1
144,FULLER PARK,STEM,Not Free,face_to_face,9,0.0,99.0,41.812099460000006,0.0,2876.0,15086.0,0.046,0.922,0.016,0.002,1.3,51.9,25.1,23.8,47.2,13982.0,75.1
145,GAGE PARK,Non-STEM,Free,face_to_face,413,2121948.0,43.77481840193705,41.79787385815981,5137.888619854722,39894.0,38855.0,0.892,0.054,0.047,0.003,8.0,16.7,16.2,32.6,38.6,16155.0,66.4
146,GAGE PARK,Non-STEM,Free,online,7,134.0,99.0,41.793525700000004,19.142857142857142,39894.0,38855.0,0.892,0.054,0.047,0.003,8.0,16.7,16.2,32.6,38.6,16155.0,66.4
147,GAGE PARK,Non-STEM,Not Free,face_to_face,79,1023.0,58.835443037974684,41.79256844607597,12.949367088607595,39894.0,38855.0,0.892,0.054,0.047,0.003,8.0,16.7,16.2,32.6,38.6,16155.0,66.4
148,GAGE PARK,Non-STEM,Not Free,online,41,644.0,26.585365853658537,41.7913954197561,15.707317073170731,39894.0,38855.0,0.892,0.054,0.047,0.003,8.0,16.7,16.2,32.6,38.6,16155.0,66.4
149,GAGE PARK,STEM,Free,face_to_face,21,504.0,35.476190476190474,41.79332660380952,24.0,39894.0,38855.0,0.892,0.054,0.047,0.003,8.0,16.7,16.2,32.6,38.6,16155.0,66.4
150,GAGE PARK,STEM,Free,online,2,4157.0,58.5,,2078.5,39894.0,38855.0,0.892,0.054,0.047,0.003,8.0,16.7,16.2,32.6,38.6,16155.0,66.4
151,GAGE PARK,STEM,Not Free,face_to_face,3,0.0,99.0,41.79349899,0.0,39894.0,38855.0,0.892,0.054,0.047,0.003,8.0,16.7,16.2,32.6,38.6,16155.0,66.4
152,GARFIELD PARK,Non-STEM,Free,face_to_face,1876,239274.0,39.747867803837956,41.88088323711592,127.54477611940298,38568.0,23760.5,0.03,0.9355,0.0205,0.002,4.949999999999999,38.8,21.55,23.05,38.4,15449.5,68.69999999999999
153,GARFIELD PARK,Non-STEM,Free,online,30,376742.0,55.06666666666667,41.876792910000006,12558.066666666668,38568.0,23760.5,0.03,0.9355,0.0205,0.002,4.949999999999999,38.8,21.55,23.05,38.4,15449.5,68.69999999999999
154,GARFIELD PARK,Non-STEM,Not Free,face_to_face,656,6748.0,44.92987804878049,41.88002276792696,10.286585365853659,38568.0,23760.5,0.03,0.9355,0.0205,0.002,4.949999999999999,38.8,21.55,23.05,38.4,15449.5,68.69999999999999
155,GARFIELD PARK,Non-STEM,Not Free,online,40,532.0,61.8,41.87603530999998,13.3,38568.0,23760.5,0.03,0.9355,0.0205,0.002,4.949999999999999,38.8,21.55,23.05,38.4,15449.5,68.69999999999999
156,GARFIELD PARK,STEM,Free,face_to_face,414,35198.0,57.84057971014493,41.87853671864759,85.01932367149759,38568.0,23760.5,0.03,0.9355,0.0205,0.002,4.949999999999999,38.8,21.55,23.05,38.4,15449.5,68.69999999999999
157,GARFIELD PARK,STEM,Free,online,2,36.0,99.0,,18.0,38568.0,23760.5,0.03,0.9355,0.0205,0.002,4.949999999999999,38.8,21.55,23.05,38.4,15449.5,68.69999999999999
158,GARFIELD PARK,STEM,Not Free,face_to_face,62,180.0,93.7741935483871,41.88081101258064,2.903225806451613,38568.0,23760.5,0.03,0.9355,0.0205,0.002,4.949999999999999,38.8,21.55,23.05,38.4,15449.5,68.69999999999999
159,GARFIELD PARK,STEM,Not Free,online,4,0.0,8.5,41.88663101,0.0,38568.0,23760.5,0.03,0.9355,0.0205,0.002,4.949999999999999,38.8,21.55,23.05,38.4,15449.5,68.69999999999999
160,GARFIELD RIDGE,Non-STEM,Free,face_to_face,563,286798.0,35.03197158081705,41.795201440532445,509.4103019538188,34513.0,61206.0,0.392,0.059,0.532,0.01,3.2,8.4,7.7,17.3,38.8,32788.0,41.9
161,GARFIELD RIDGE,Non-STEM,Free,online,5,18219.0,61.0,41.80244064,3643.8,34513.0,61206.0,0.392,0.059,0.532,0.01,3.2,8.4,7.7,17.3,38.8,32788.0,41.9
162,GARFIELD RIDGE,Non-STEM,Not Free,face_to_face,547,8993.0,37.250457038391225,41.796922935585854,16.44058500914077,34513.0,61206.0,0.392,0.059,0.532,0.01,3.2,8.4,7.7,17.3,38.8,32788.0,41.9
163,GARFIELD RIDGE,Non-STEM,Not Free,online,38,835.0,61.23684210526316,41.798655659999994,21.973684210526315,34513.0,61206.0,0.392,0.059,0.532,0.01,3.2,8.4,7.7,17.3,38.8,32788.0,41.9
164,GARFIELD RIDGE,STEM,Free,face_to_face,11,478.0,54.0,41.79178758272726,43.45454545454545,34513.0,61206.0,0.392,0.059,0.532,0.01,3.2,8.4,7.7,17.3,38.8,32788.0,41.9
165,GARFIELD RIDGE,STEM,Not Free,face_to_face,26,12.0,95.53846153846153,41.80094953846152,0.46153846153846156,34513.0,61206.0,0.392,0.059,0.532,0.01,3.2,8.4,7.7,17.3,38.8,32788.0,41.9
166,GARFIELD RIDGE,STEM,Not Free,online,3,40.0,9.0,41.79045487,13.333333333333334,34513.0,61206.0,0.392,0.059,0.532,0.01,3.2,8.4,7.7,17.3,38.8,32788.0,41.9
167,GREATER GRAND CROSSING,Non-STEM,Free,face_to_face,218,14445.0,27.623853211009173,41.76121890302752,66.26146788990826,32602.0,29663.0,0.012,0.969,0.006,0.001,1.8,33.1,19.8,13.5,40.4,19735.0,57.1
168,GREATER GRAND CROSSING,Non-STEM,Free,online,1,0.0,99.0,,0.0,32602.0,29663.0,0.012,0.969,0.006,0.001,1.8,33.1,19.8,13.5,40.4,19735.0,57.1
169,GREATER GRAND CROSSING,Non-STEM,Not Free,face_to_face,54,697.0,67.22222222222223,41.75680851547167,12.907407407407407,32602.0,29663.0,0.012,0.969,0.006,0.001,1.8,33.1,19.8,13.5,40.4,19735.0,57.1
170,GREATER GRAND CROSSING,Non-STEM,Not Free,online,26,375.0,88.26923076923077,41.757157844615406,14.423076923076923,32602.0,29663.0,0.012,0.969,0.006,0.001,1.8,33.1,19.8,13.5,40.4,19735.0,57.1
171,GREATER GRAND CROSSING,STEM,Free,face_to_face,4,29.0,19.5,41.7597761125,7.25,32602.0,29663.0,0.012,0.969,0.006,0.001,1.8,33.1,19.8,13.5,40.4,19735.0,57.1
172,GREATER GRAND CROSSING,STEM,Not Free,face_to_face,9,0.0,99.0,41.755798340000005,0.0,32602.0,29663.0,0.012,0.969,0.006,0.001,1.8,33.1,19.8,13.5,40.4,19735.0,57.1
173,HEGEWISCH,Non-STEM,Free,face_to_face,119,3554.0,51.773109243697476,41.659852868151226,29.865546218487395,9426.0,49924.0,0.496,0.039,0.449,0.005,2.5,15.5,9.9,18.1,38.0,27754.0,45.4
174,HEGEWISCH,Non-STEM,Not Free,face_to_face,274,4655.0,42.543795620437955,41.65731048375909,16.98905109489051,9426.0,49924.0,0.496,0.039,0.449,0.005,2.5,15.5,9.9,18.1,38.0,27754.0,45.4
175,HEGEWISCH,Non-STEM,Not Free,online,29,435.0,82.03448275862068,41.65729140999998,15.0,9426.0,49924.0,0.496,0.039,0.449,0.005,2.5,15.5,9.9,18.1,38.0,27754.0,45.4
176,HEGEWISCH,STEM,Free,face_to_face,1,139.0,18.0,41.65940094,139.0,9426.0,49924.0,0.496,0.039,0.449,0.005,2.5,15.5,9.9,18.1,38.0,27754.0,45.4
177,HEGEWISCH,STEM,Not Free,face_to_face,26,237.0,72.57692307692308,41.65732456846153,9.115384615384615,9426.0,49924.0,0.496,0.039,0.449,0.005,2.5,15.5,9.9,18.1,38.0,27754.0,45.4
178,HERMOSA,Non-STEM,Free,face_to_face,104,2456.0,31.298076923076923,41.92649757163456,23.615384615384617,25010.0,42418.0,0.874,0.03,0.076,0.012,6.6,14.8,5.9,30.2,34.2,24226.0,53.0
179,HERMOSA,Non-STEM,Not Free,face_to_face,166,1842.0,39.56024096385542,41.92810042753003,11.096385542168674,25010.0,42418.0,0.874,0.03,0.076,0.012,6.6,14.8,5.9,30.2,34.2,24226.0,53.0
180,HERMOSA,Non-STEM,Not Free,online,11,210.0,7.454545454545454,41.92909241,19.09090909090909,25010.0,42418.0,0.874,0.03,0.076,0.012,6.6,14.8,5.9,30.2,34.2,24226.0,53.0
181,HERMOSA,STEM,Free,face_to_face,11,20.0,54.90909090909091,41.93011197363637,1.8181818181818181,25010.0,42418.0,0.874,0.03,0.076,0.012,6.6,14.8,5.9,30.2,34.2,24226.0,53.0
182,HERMOSA,STEM,Not Free,face_to_face,15,0.0,99.0,41.926300052,0.0,25010.0,42418.0,0.874,0.03,0.076,0.012,6.6,14.8,5.9,30.2,34.2,24226.0,53.0
183,HUMBOLDT PARK,Non-STEM,Free,face_to_face,539,123122428.0,41.36178107606679,41.90258799044532,228427.51020408163,56323.0,29605.0,0.533,0.409,0.044,0.004,5.6,26.5,10.9,24.9,36.6,20337.0,58.1
184,HUMBOLDT PARK,Non-STEM,Free,online,1,0.0,24.0,41.890857700000005,0.0,56323.0,29605.0,0.533,0.409,0.044,0.004,5.6,26.5,10.9,24.9,36.6,20337.0,58.1
185,HUMBOLDT PARK,Non-STEM,Not Free,face_to_face,67,876.0,41.44776119402985,41.90955449820898,13.074626865671641,56323.0,29605.0,0.533,0.409,0.044,0.004,5.6,26.5,10.9,24.9,36.6,20337.0,58.1
186,HUMBOLDT PARK,Non-STEM,Not Free,online,38,473.0,7.394736842105263,41.90038751710526,12.447368421052632,56323.0,29605.0,0.533,0.409,0.044,0.004,5.6,26.5,10.9,24.9,36.6,20337.0,58.1
187,HUMBOLDT PARK,STEM,Free,face_to_face,26,2815.0,35.88461538461539,41.90391658,108.26923076923077,56323.0,29605.0,0.533,0.409,0.044,0.004,5.6,26.5,10.9,24.9,36.6,20337.0,58.1
188,HUMBOLDT PARK,STEM,Not Free,face_to_face,1,0.0,99.0,41.91120148,0.0,56323.0,29605.0,0.533,0.409,0.044,0.004,5.6,26.5,10.9,24.9,36.6,20337.0,58.1
189,HYDE PARK,Non-STEM,Free,face_to_face,34,7080.0,62.1764705882353,41.79108776911766,208.23529411764707,25681.0,45335.0,0.063,0.304,0.467,0.124,1.5,23.3,6.4,3.9,26.3,48606.0,28.6
190,HYDE PARK,Non-STEM,Not Free,face_to_face,67,1319.0,19.134328358208954,41.79563078328361,19.686567164179106,25681.0,45335.0,0.063,0.304,0.467,0.124,1.5,23.3,6.4,3.9,26.3,48606.0,28.6
191,HYDE PARK,Non-STEM,Not Free,online,4,40.0,13.0,41.79944229,10.0,25681.0,45335.0,0.063,0.304,0.467,0.124,1.5,23.3,6.4,3.9,26.3,48606.0,28.6
192,HYDE PARK,STEM,Free,face_to_face,6,350.0,45.5,41.79669571,58.333333333333336,25681.0,45335.0,0.063,0.304,0.467,0.124,1.5,23.3,6.4,3.9,26.3,48606.0,28.6
193,HYDE PARK,STEM,Not Free,face_to_face,4,60.0,14.0,41.79069901,15.0,25681.0,45335.0,0.063,0.304,0.467,0.124,1.5,23.3,6.4,3.9,26.3,48606.0,28.6
194,IRVING PARK,Non-STEM,Free,face_to_face,268,34653.0,50.742537313432834,41.95504343925361,129.30223880597015,53359.0,54048.0,0.456,0.033,0.417,0.07,2.3,8.4,5.9,13.6,31.5,38888.0,32.9
195,IRVING PARK,Non-STEM,Free,online,3,2272.0,70.0,41.95296097,757.3333333333334,53359.0,54048.0,0.456,0.033,0.417,0.07,2.3,8.4,5.9,13.6,31.5,38888.0,32.9
196,IRVING PARK,Non-STEM,Not Free,face_to_face,6661,96743.0,65.60981834559375,41.95205573366684,14.52379522594205,53359.0,54048.0,0.456,0.033,0.417,0.07,2.3,8.4,5.9,13.6,31.5,38888.0,32.9
197,IRVING PARK,Non-STEM,Not Free,online,122,2101.0,48.90983606557377,41.95523556221313,17.221311475409838,53359.0,54048.0,0.456,0.033,0.417,0.07,2.3,8.4,5.9,13.6,31.5,38888.0,32.9
198,IRVING PARK,STEM,Free,face_to_face,29,1663.0,65.72413793103448,41.94996853724138,57.3448275862069,53359.0,54048.0,0.456,0.033,0.417,0.07,2.3,8.4,5.9,13.6,31.5,38888.0,32.9
199,IRVING PARK,STEM,Not Free,face_to_face,171,2087.0,47.16374269005848,41.956068030117,12.2046783625731,53359.0,54048.0,0.456,0.033,0.417,0.07,2.3,8.4,5.9,13.6,31.5,38888.0,32.9
200,IRVING PARK,STEM,Not Free,online,22,353.0,64.77272727272727,41.95441940045455,16.045454545454547,53359.0,54048.0,0.456,0.033,0.417,0.07,2.3,8.4,5.9,13.6,31.5,38888.0,32.9
201,JEFFERSON PARK,Non-STEM,Free,face_to_face,38,1969.0,81.65789473684211,41.96960800684213,51.81578947368421,25448.0,60592.0,0.194,0.01,0.687,0.089,2.3,7.3,4.4,7.4,35.9,35584.0,31.9
202,JEFFERSON PARK,Non-STEM,Not Free,face_to_face,259,3421.0,18.28957528957529,41.9706194085327,13.208494208494209,25448.0,60592.0,0.194,0.01,0.687,0.089,2.3,7.3,4.4,7.4,35.9,35584.0,31.9
203,JEFFERSON PARK,STEM,Free,face_to_face,2,300.0,99.0,41.97930145,150.0,25448.0,60592.0,0.194,0.01,0.687,0.089,2.3,7.3,4.4,7.4,35.9,35584.0,31.9
204,JEFFERSON PARK,STEM,Not Free,face_to_face,10,129.0,17.3,41.968686678,12.9,25448.0,60592.0,0.194,0.01,0.687,0.089,2.3,7.3,4.4,7.4,35.9,35584.0,31.9
205,KENWOOD,Non-STEM,Free,face_to_face,382,57016.0,33.46335078534032,41.807846588193954,149.2565445026178,17841.0,39371.0,0.03,0.719,0.165,0.055,1.8,22.2,9.2,5.2,37.6,48781.0,36.9
206,KENWOOD,Non-STEM,Free,online,5,1867.0,52.8,41.81431198,373.4,17841.0,39371.0,0.03,0.719,0.165,0.055,1.8,22.2,9.2,5.2,37.6,48781.0,36.9
207,KENWOOD,Non-STEM,Not Free,face_to_face,208,2477.0,27.451923076923077,41.81371434129805,11.908653846153847,17841.0,39371.0,0.03,0.719,0.165,0.055,1.8,22.2,9.2,5.2,37.6,48781.0,36.9
208,KENWOOD,Non-STEM,Not Free,online,17,255.0,20.529411764705884,41.807674405882345,15.0,17841.0,39371.0,0.03,0.719,0.165,0.055,1.8,22.2,9.2,5.2,37.6,48781.0,36.9
209,KENWOOD,STEM,Free,face_to_face,11,2148.0,77.18181818181819,41.813907969999995,195.27272727272728,17841.0,39371.0,0.03,0.719,0.165,0.055,1.8,22.2,9.2,5.2,37.6,48781.0,36.9
210,KENWOOD,STEM,Not Free,face_to_face,13,34.0,78.0,41.81430053999999,2.6153846153846154,17841.0,39371.0,0.03,0.719,0.165,0.055,1.8,22.2,9.2,5.2,37.6,48781.0,36.9
211,LAKE VIEW,Non-STEM,Free,face_to_face,254,583897.0,29.003937007874015,41.94203165185053,2298.8070866141734,94368.0,70746.0,0.076,0.039,0.804,0.06,1.8,8.9,3.5,1.8,20.6,74366.0,13.5
212,LAKE VIEW,Non-STEM,Free,online,1,15.0,99.0,41.9454155,15.0,94368.0,70746.0,0.076,0.039,0.804,0.06,1.8,8.9,3.5,1.8,20.6,74366.0,13.5
213,LAKE VIEW,Non-STEM,Not Free,face_to_face,505,9007.0,22.88118811881188,41.948774434336705,17.835643564356435,94368.0,70746.0,0.076,0.039,0.804,0.06,1.8,8.9,3.5,1.8,20.6,74366.0,13.5
214,LAKE VIEW,Non-STEM,Not Free,online,50,737.0,27.3,41.949027711200024,14.74,94368.0,70746.0,0.076,0.039,0.804,0.06,1.8,8.9,3.5,1.8,20.6,74366.0,13.5
215,LAKE VIEW,STEM,Free,face_to_face,8,2894.0,38.25,41.94093990499999,361.75,94368.0,70746.0,0.076,0.039,0.804,0.06,1.8,8.9,3.5,1.8,20.6,74366.0,13.5
216,LAKE VIEW,STEM,Free,online,1,12.0,99.0,41.9454155,12.0,94368.0,70746.0,0.076,0.039,0.804,0.06,1.8,8.9,3.5,1.8,20.6,74366.0,13.5
217,LAKE VIEW,STEM,Not Free,face_to_face,14,112.0,92.35714285714286,41.95090021642857,8.0,94368.0,70746.0,0.076,0.039,0.804,0.06,1.8,8.9,3.5,1.8,20.6,74366.0,13.5
218,LAKE VIEW,STEM,Not Free,online,2,35.0,6.0,41.9454155,17.5,94368.0,70746.0,0.076,0.039,0.804,0.06,1.8,8.9,3.5,1.8,20.6,74366.0,13.5
219,LINCOLN PARK,Non-STEM,Free,face_to_face,228,19833.0,44.60526315789474,41.922313575350806,86.98684210526316,64116.0,82707.0,0.056,0.043,0.829,0.051,0.9,10.1,3.1,2.0,24.0,90189.0,11.4
220,LINCOLN PARK,Non-STEM,Free,online,2,4268.0,12.0,,2134.0,64116.0,82707.0,0.056,0.043,0.829,0.051,0.9,10.1,3.1,2.0,24.0,90189.0,11.4
221,LINCOLN PARK,Non-STEM,Not Free,face_to_face,406,4606.0,31.049261083743843,41.920924801354516,11.344827586206897,64116.0,82707.0,0.056,0.043,0.829,0.051,0.9,10.1,3.1,2.0,24.0,90189.0,11.4
222,LINCOLN PARK,Non-STEM,Not Free,online,85,2027.0,54.05882352941177,41.92084866682349,23.847058823529412,64116.0,82707.0,0.056,0.043,0.829,0.051,0.9,10.1,3.1,2.0,24.0,90189.0,11.4
223,LINCOLN PARK,STEM,Free,face_to_face,15,5992.0,56.93333333333333,41.92374623600001,399.46666666666664,64116.0,82707.0,0.056,0.043,0.829,0.051,0.9,10.1,3.1,2.0,24.0,90189.0,11.4
224,LINCOLN PARK,STEM,Not Free,face_to_face,28,606.0,44.75,41.921277452857126,21.642857142857142,64116.0,82707.0,0.056,0.043,0.829,0.051,0.9,10.1,3.1,2.0,24.0,90189.0,11.4
225,LINCOLN PARK,STEM,Not Free,online,4,72.0,75.75,41.91891288750001,18.0,64116.0,82707.0,0.056,0.043,0.829,0.051,0.9,10.1,3.1,2.0,24.0,90189.0,11.4
226,LINCOLN SQUARE,Non-STEM,Free,face_to_face,757,267417.0,45.61690885072655,41.96232157825569,353.2589167767503,39493.0,57749.0,0.191,0.038,0.631,0.111,2.3,8.2,5.4,6.4,26.3,49797.0,24.7
227,LINCOLN SQUARE,Non-STEM,Free,online,7,77.0,47.0,41.96621132,11.0,39493.0,57749.0,0.191,0.038,0.631,0.111,2.3,8.2,5.4,6.4,26.3,49797.0,24.7
228,LINCOLN SQUARE,Non-STEM,Not Free,face_to_face,640,11700.0,34.04375,41.96608191482774,18.28125,39493.0,57749.0,0.191,0.038,0.631,0.111,2.3,8.2,5.4,6.4,26.3,49797.0,24.7
229,LINCOLN SQUARE,Non-STEM,Not Free,online,22,485.0,47.72727272727273,41.96637222727275,22.045454545454547,39493.0,57749.0,0.191,0.038,0.631,0.111,2.3,8.2,5.4,6.4,26.3,49797.0,24.7
230,LINCOLN SQUARE,STEM,Free,face_to_face,48,2046.0,64.9375,41.96534999020833,42.625,39493.0,57749.0,0.191,0.038,0.631,0.111,2.3,8.2,5.4,6.4,26.3,49797.0,24.7
231,LINCOLN SQUARE,STEM,Free,online,1,100.0,18.0,,100.0,39493.0,57749.0,0.191,0.038,0.631,0.111,2.3,8.2,5.4,6.4,26.3,49797.0,24.7
232,LINCOLN SQUARE,STEM,Not Free,face_to_face,31,124.0,63.516129032258064,41.970834298064524,4.0,39493.0,57749.0,0.191,0.038,0.631,0.111,2.3,8.2,5.4,6.4,26.3,49797.0,24.7
233,LOGAN SQUARE,Non-STEM,Free,face_to_face,577,65416.0,49.5736568457539,41.924527814194356,113.37261698440209,72791.0,49610.0,0.512,0.054,0.392,0.025,2.2,10.3,3.4,8.4,24.3,52835.0,23.4
234,LOGAN SQUARE,Non-STEM,Free,online,2,41.0,13.0,41.93092346,20.5,72791.0,49610.0,0.512,0.054,0.392,0.025,2.2,10.3,3.4,8.4,24.3,52835.0,23.4
235,LOGAN SQUARE,Non-STEM,Not Free,face_to_face,898,14766.0,29.08685968819599,41.92847154856367,16.443207126948774,72791.0,49610.0,0.512,0.054,0.392,0.025,2.2,10.3,3.4,8.4,24.3,52835.0,23.4
236,LOGAN SQUARE,Non-STEM,Not Free,online,70,1223.0,19.571428571428573,41.929149519000035,17.47142857142857,72791.0,49610.0,0.512,0.054,0.392,0.025,2.2,10.3,3.4,8.4,24.3,52835.0,23.4
237,LOGAN SQUARE,STEM,Free,face_to_face,22,2382.0,63.72727272727273,41.924613085000004,108.27272727272727,72791.0,49610.0,0.512,0.054,0.392,0.025,2.2,10.3,3.4,8.4,24.3,52835.0,23.4
238,LOGAN SQUARE,STEM,Not Free,face_to_face,25,25.0,91.52,41.92530456239998,1.0,72791.0,49610.0,0.512,0.054,0.392,0.025,2.2,10.3,3.4,8.4,24.3,52835.0,23.4
239,LOOP,Non-STEM,Free,face_to_face,472,294907.0,58.26059322033898,41.877670063455724,624.8029661016949,29283.0,78124.0,0.069,0.115,0.627,0.159,4.0,6.7,5.8,4.0,15.9,90513.0,12.9
240,LOOP,Non-STEM,Free,online,1361,43525.0,15.011756061719325,41.87656784400001,31.98016164584864,29283.0,78124.0,0.069,0.115,0.627,0.159,4.0,6.7,5.8,4.0,15.9,90513.0,12.9
241,LOOP,Non-STEM,Not Free,face_to_face,261,3311.0,32.900383141762454,41.883975966153834,12.685823754789272,29283.0,78124.0,0.069,0.115,0.627,0.159,4.0,6.7,5.8,4.0,15.9,90513.0,12.9
242,LOOP,Non-STEM,Not Free,online,14,158.0,8.357142857142858,41.88250950285714,11.285714285714286,29283.0,78124.0,0.069,0.115,0.627,0.159,4.0,6.7,5.8,4.0,15.9,90513.0,12.9
243,LOOP,STEM,Free,face_to_face,367,11808.0,53.3133514986376,41.876627729016256,32.17438692098093,29283.0,78124.0,0.069,0.115,0.627,0.159,4.0,6.7,5.8,4.0,15.9,90513.0,12.9
244,LOOP,STEM,Free,online,75,1217.0,29.533333333333335,,16.226666666666667,29283.0,78124.0,0.069,0.115,0.627,0.159,4.0,6.7,5.8,4.0,15.9,90513.0,12.9
245,LOOP,STEM,Not Free,face_to_face,21,104.0,50.23809523809524,41.884299866666666,4.9523809523809526,29283.0,78124.0,0.069,0.115,0.627,0.159,4.0,6.7,5.8,4.0,15.9,90513.0,12.9
246,LOOP,STEM,Not Free,online,3,0.0,99.0,,0.0,29283.0,78124.0,0.069,0.115,0.627,0.159,4.0,6.7,5.8,4.0,15.9,90513.0,12.9
247,LOWER WEST SIDE,Non-STEM,Free,face_to_face,374,134604.0,35.29946524064171,41.85475542296796,359.903743315508,35769.0,34573.0,0.824,0.031,0.124,0.01,4.4,13.9,6.5,23.2,28.7,30762.0,42.5
248,LOWER WEST SIDE,Non-STEM,Free,online,7,92.0,63.42857142857143,41.85533468857143,13.142857142857142,35769.0,34573.0,0.824,0.031,0.124,0.01,4.4,13.9,6.5,23.2,28.7,30762.0,42.5
249,LOWER WEST SIDE,Non-STEM,Not Free,face_to_face,700,9732.0,30.662857142857142,41.85496548758583,13.902857142857142,35769.0,34573.0,0.824,0.031,0.124,0.01,4.4,13.9,6.5,23.2,28.7,30762.0,42.5
250,LOWER WEST SIDE,Non-STEM,Not Free,online,70,1099.0,48.44285714285714,41.85614275171432,15.7,35769.0,34573.0,0.824,0.031,0.124,0.01,4.4,13.9,6.5,23.2,28.7,30762.0,42.5
251,LOWER WEST SIDE,STEM,Free,face_to_face,34,2966.0,58.0,41.8573113638235,87.23529411764706,35769.0,34573.0,0.824,0.031,0.124,0.01,4.4,13.9,6.5,23.2,28.7,30762.0,42.5
252,LOWER WEST SIDE,STEM,Not Free,face_to_face,17,8.0,99.0,41.85605868117646,0.47058823529411764,35769.0,34573.0,0.824,0.031,0.124,0.01,4.4,13.9,6.5,23.2,28.7,30762.0,42.5
253,Little Village,Non-STEM,Free,face_to_face,450,100158542.0,32.708888888888886,41.84395938574617,222574.5377777778,79288.0,33593.0,0.826,0.131,0.039,0.001,9.2,19.8,8.8,41.1,34.0,14234.0,66.7
254,Little Village,Non-STEM,Free,online,5,39.0,51.4,41.84463882,7.8,79288.0,33593.0,0.826,0.131,0.039,0.001,9.2,19.8,8.8,41.1,34.0,14234.0,66.7
255,Little Village,Non-STEM,Not Free,face_to_face,240,3654.0,53.020833333333336,41.83905552358335,15.225,79288.0,33593.0,0.826,0.131,0.039,0.001,9.2,19.8,8.8,41.1,34.0,14234.0,66.7
256,Little Village,Non-STEM,Not Free,online,33,550.0,57.303030303030305,41.837573546666654,16.666666666666668,79288.0,33593.0,0.826,0.131,0.039,0.001,9.2,19.8,8.8,41.1,34.0,14234.0,66.7
257,Little Village,STEM,Free,face_to_face,10,615.0,68.0,41.84094009499999,61.5,79288.0,33593.0,0.826,0.131,0.039,0.001,9.2,19.8,8.8,41.1,34.0,14234.0,66.7
258,Little Village,STEM,Not Free,face_to_face,16,0.0,99.0,41.84146165875,0.0,79288.0,33593.0,0.826,0.131,0.039,0.001,9.2,19.8,8.8,41.1,34.0,14234.0,66.7
259,MCKINLEY PARK,Non-STEM,Free,face_to_face,264,86921.0,45.996212121212125,41.82256714503785,329.2462121212121,15612.0,42327.0,0.648,0.015,0.171,0.157,5.9,14.3,6.0,23.2,31.4,26934.0,46.8
260,MCKINLEY PARK,Non-STEM,Free,online,2,18.0,52.5,41.83017349,9.0,15612.0,42327.0,0.648,0.015,0.171,0.157,5.9,14.3,6.0,23.2,31.4,26934.0,46.8
261,MCKINLEY PARK,Non-STEM,Not Free,face_to_face,391,5408.0,27.9693094629156,41.817084405396265,13.831202046035806,15612.0,42327.0,0.648,0.015,0.171,0.157,5.9,14.3,6.0,23.2,31.4,26934.0,46.8
262,MCKINLEY PARK,Non-STEM,Not Free,online,1,10.0,13.0,41.82375336,10.0,15612.0,42327.0,0.648,0.015,0.171,0.157,5.9,14.3,6.0,23.2,31.4,26934.0,46.8
263,MCKINLEY PARK,STEM,Free,face_to_face,4,113.0,28.75,41.85083771,28.25,15612.0,42327.0,0.648,0.015,0.171,0.157,5.9,14.3,6.0,23.2,31.4,26934.0,46.8
264,MCKINLEY PARK,STEM,Not Free,face_to_face,11,105.0,90.27272727272727,41.82379913,9.545454545454545,15612.0,42327.0,0.648,0.015,0.171,0.157,5.9,14.3,6.0,23.2,31.4,26934.0,46.8
265,MONTCLARE,Non-STEM,Free,face_to_face,29,968.0,36.86206896551724,41.92724083206897,33.37931034482759,13426.0,47460.0,0.54,0.045,0.375,0.028,3.8,11.8,4.1,21.0,39.5,28270.0,44.8
266,MONTCLARE,Non-STEM,Not Free,face_to_face,174,1585.0,21.885057471264368,41.92424905879318,9.10919540229885,13426.0,47460.0,0.54,0.045,0.375,0.028,3.8,11.8,4.1,21.0,39.5,28270.0,44.8
267,MONTCLARE,Non-STEM,Not Free,online,14,221.0,5.214285714285714,41.92501122714284,15.785714285714286,13426.0,47460.0,0.54,0.045,0.375,0.028,3.8,11.8,4.1,21.0,39.5,28270.0,44.8
268,MONTCLARE,STEM,Not Free,face_to_face,7,10.0,86.71428571428571,41.92109953,1.4285714285714286,13426.0,47460.0,0.54,0.045,0.375,0.028,3.8,11.8,4.1,21.0,39.5,28270.0,44.8
269,MORGAN PARK,Non-STEM,Free,face_to_face,141,99113860.0,40.57446808510638,41.69212722936167,702935.1773049645,22544.0,56886.0,0.027,0.667,0.287,0.004,1.0,11.6,10.6,6.3,40.3,34946.0,37.0
270,MORGAN PARK,Non-STEM,Free,online,2,143.0,13.0,,71.5,22544.0,56886.0,0.027,0.667,0.287,0.004,1.0,11.6,10.6,6.3,40.3,34946.0,37.0
271,MORGAN PARK,Non-STEM,Not Free,face_to_face,3155,45924.0,46.016164817749605,41.68405565208953,14.55594294770206,22544.0,56886.0,0.027,0.667,0.287,0.004,1.0,11.6,10.6,6.3,40.3,34946.0,37.0
272,MORGAN PARK,STEM,Free,face_to_face,3,300.0,99.0,41.68879954333333,100.0,22544.0,56886.0,0.027,0.667,0.287,0.004,1.0,11.6,10.6,6.3,40.3,34946.0,37.0
273,MORGAN PARK,STEM,Not Free,face_to_face,9,0.0,99.0,41.68753306333334,0.0,22544.0,56886.0,0.027,0.667,0.287,0.004,1.0,11.6,10.6,6.3,40.3,34946.0,37.0
274,MOUNT GREENWOOD,Non-STEM,Free,face_to_face,368,423828.0,29.657608695652176,41.69708470994564,1151.7065217391305,19093.0,80505.0,0.072,0.052,0.86,0.007,2.1,5.8,4.4,4.7,38.3,41850.0,30.1
275,MOUNT GREENWOOD,Non-STEM,Free,online,8,188276.0,76.25,41.69100189,23534.5,19093.0,80505.0,0.072,0.052,0.86,0.007,2.1,5.8,4.4,4.7,38.3,41850.0,30.1
276,MOUNT GREENWOOD,Non-STEM,Not Free,face_to_face,391,9226.0,32.25831202046036,41.69249509549858,23.595907928388748,19093.0,80505.0,0.072,0.052,0.86,0.007,2.1,5.8,4.4,4.7,38.3,41850.0,30.1
277,MOUNT GREENWOOD,Non-STEM,Not Free,online,75,1016.0,82.33333333333333,41.69198302999998,13.546666666666667,19093.0,80505.0,0.072,0.052,0.86,0.007,2.1,5.8,4.4,4.7,38.3,41850.0,30.1
278,MOUNT GREENWOOD,STEM,Free,face_to_face,5,20.0,99.0,41.692680362,4.0,19093.0,80505.0,0.072,0.052,0.86,0.007,2.1,5.8,4.4,4.7,38.3,41850.0,30.1
279,MOUNT GREENWOOD,STEM,Not Free,face_to_face,22,162.0,36.95454545454545,41.69133810363638,7.363636363636363,19093.0,80505.0,0.072,0.052,0.86,0.007,2.1,5.8,4.4,4.7,38.3,41850.0,30.1
280,MOUNT GREENWOOD,STEM,Not Free,online,2,40.0,6.0,41.69836044,20.0,19093.0,80505.0,0.072,0.052,0.86,0.007,2.1,5.8,4.4,4.7,38.3,41850.0,30.1
281,NEAR NORTH SIDE,Non-STEM,Free,face_to_face,190,8790.0,46.689473684210526,41.899986002096774,46.26315789473684,80484.0,76290.0,0.049,0.108,0.721,0.101,2.1,10.3,2.7,1.9,22.1,104139.0,9.4
282,NEAR NORTH SIDE,Non-STEM,Free,online,43,946.0,95.11627906976744,41.89219284,22.0,80484.0,76290.0,0.049,0.108,0.721,0.101,2.1,10.3,2.7,1.9,22.1,104139.0,9.4
283,NEAR NORTH SIDE,Non-STEM,Not Free,face_to_face,802,11306.0,31.3428927680798,41.8992928236453,14.097256857855362,80484.0,76290.0,0.049,0.108,0.721,0.101,2.1,10.3,2.7,1.9,22.1,104139.0,9.4
284,NEAR NORTH SIDE,Non-STEM,Not Free,online,360,6213.0,24.025,41.89350803163862,17.258333333333333,80484.0,76290.0,0.049,0.108,0.721,0.101,2.1,10.3,2.7,1.9,22.1,104139.0,9.4
285,NEAR NORTH SIDE,STEM,Free,face_to_face,12,3841.0,34.166666666666664,41.89801511090909,320.0833333333333,80484.0,76290.0,0.049,0.108,0.721,0.101,2.1,10.3,2.7,1.9,22.1,104139.0,9.4
286,NEAR NORTH SIDE,STEM,Not Free,face_to_face,37,25.0,96.72972972972973,41.90015844675676,0.6756756756756757,80484.0,76290.0,0.049,0.108,0.721,0.101,2.1,10.3,2.7,1.9,22.1,104139.0,9.4
287,NEAR NORTH SIDE,STEM,Not Free,online,4,75.0,9.5,41.89219284,18.75,80484.0,76290.0,0.049,0.108,0.721,0.101,2.1,10.3,2.7,1.9,22.1,104139.0,9.4
288,NEAR SOUTH SIDE,Non-STEM,Free,face_to_face,146,7576.0,57.136986301369866,41.85812999945207,51.89041095890411,21390.0,75995.0,0.056,0.281,0.481,0.155,1.3,8.1,0.7,4.8,22.0,88784.0,10.2
289,NEAR SOUTH SIDE,Non-STEM,Free,online,6,95.0,72.0,41.85968907666667,15.833333333333334,21390.0,75995.0,0.056,0.281,0.481,0.155,1.3,8.1,0.7,4.8,22.0,88784.0,10.2
290,NEAR SOUTH SIDE,Non-STEM,Not Free,face_to_face,626,8583.0,44.5926517571885,41.858219270990354,13.710862619808307,21390.0,75995.0,0.056,0.281,0.481,0.155,1.3,8.1,0.7,4.8,22.0,88784.0,10.2
291,NEAR SOUTH SIDE,Non-STEM,Not Free,online,36,600.0,65.63888888888889,41.857562489166654,16.666666666666668,21390.0,75995.0,0.056,0.281,0.481,0.155,1.3,8.1,0.7,4.8,22.0,88784.0,10.2
292,NEAR SOUTH SIDE,STEM,Free,face_to_face,38,2675.0,78.97368421052632,41.862438705526294,70.39473684210526,21390.0,75995.0,0.056,0.281,0.481,0.155,1.3,8.1,0.7,4.8,22.0,88784.0,10.2
293,NEAR SOUTH SIDE,STEM,Not Free,face_to_face,45,586.0,87.35555555555555,41.8601083573333,13.022222222222222,21390.0,75995.0,0.056,0.281,0.481,0.155,1.3,8.1,0.7,4.8,22.0,88784.0,10.2
294,NEAR WEST SIDE,Non-STEM,Free,face_to_face,835,84547.0,40.105389221556884,41.87362356526963,101.25389221556887,54881.0,62770.0,0.092,0.315,0.42,0.146,4.5,16.5,6.2,6.1,21.9,59635.0,27.1
295,NEAR WEST SIDE,Non-STEM,Free,online,10,114.0,27.0,41.877301788,11.4,54881.0,62770.0,0.092,0.315,0.42,0.146,4.5,16.5,6.2,6.1,21.9,59635.0,27.1
296,NEAR WEST SIDE,Non-STEM,Not Free,face_to_face,2441,31005.0,39.62105694387546,41.865674398649716,12.701761573125768,54881.0,62770.0,0.092,0.315,0.42,0.146,4.5,16.5,6.2,6.1,21.9,59635.0,27.1
297,NEAR WEST SIDE,Non-STEM,Not Free,online,108,1513.0,45.53703703703704,41.87150075675926,14.00925925925926,54881.0,62770.0,0.092,0.315,0.42,0.146,4.5,16.5,6.2,6.1,21.9,59635.0,27.1
298,NEAR WEST SIDE,STEM,Free,face_to_face,29,978.0,31.344827586206897,41.876080612413794,33.724137931034484,54881.0,62770.0,0.092,0.315,0.42,0.146,4.5,16.5,6.2,6.1,21.9,59635.0,27.1
299,NEAR WEST SIDE,STEM,Not Free,face_to_face,28,420.0,90.42857142857143,41.868253845000005,15.0,54881.0,62770.0,0.092,0.315,0.42,0.146,4.5,16.5,6.2,6.1,21.9,59635.0,27.1
300,NEAR WEST SIDE,STEM,Not Free,online,1,10.0,13.0,41.88461304,10.0,54881.0,62770.0,0.092,0.315,0.42,0.146,4.5,16.5,6.2,6.1,21.9,59635.0,27.1
301,NORTH CENTER,Non-STEM,Free,face_to_face,67,2614.0,39.97014925373134,41.937773465671626,39.014925373134325,31867.0,81524.0,0.136,0.023,0.773,0.045,0.9,5.5,3.2,3.4,34.3,77951.0,18.1
302,NORTH CENTER,Non-STEM,Not Free,face_to_face,230,6377.0,32.030434782608694,41.93745243582639,27.72608695652174,31867.0,81524.0,0.136,0.023,0.773,0.045,0.9,5.5,3.2,3.4,34.3,77951.0,18.1
303,NORTH CENTER,Non-STEM,Not Free,online,5,85.0,13.2,41.942129518,17.0,31867.0,81524.0,0.136,0.023,0.773,0.045,0.9,5.5,3.2,3.4,34.3,77951.0,18.1
304,NORTH CENTER,STEM,Free,face_to_face,2,20.0,20.5,41.93600845,10.0,31867.0,81524.0,0.136,0.023,0.773,0.045,0.9,5.5,3.2,3.4,34.3,77951.0,18.1
305,NORTH CENTER,STEM,Not Free,face_to_face,5,22.0,61.8,41.93730164,4.4,31867.0,81524.0,0.136,0.023,0.773,0.045,0.9,5.5,3.2,3.4,34.3,77951.0,18.1
306,NORTH LAWNDALE,Non-STEM,Free,face_to_face,594,76373.0,33.24074074074074,41.8639026226809,128.57407407407408,35912.0,25797.0,0.06,0.914,0.014,0.002,3.7,33.2,17.2,20.4,37.5,17708.0,60.3
307,NORTH LAWNDALE,Non-STEM,Free,online,5,3669.0,84.0,41.865118025,733.8,35912.0,25797.0,0.06,0.914,0.014,0.002,3.7,33.2,17.2,20.4,37.5,17708.0,60.3
308,NORTH LAWNDALE,Non-STEM,Not Free,face_to_face,363,4103.0,48.16804407713499,41.86639155377399,11.303030303030303,35912.0,25797.0,0.06,0.914,0.014,0.002,3.7,33.2,17.2,20.4,37.5,17708.0,60.3
309,NORTH LAWNDALE,Non-STEM,Not Free,online,51,746.0,57.6078431372549,41.866668700588235,14.627450980392156,35912.0,25797.0,0.06,0.914,0.014,0.002,3.7,33.2,17.2,20.4,37.5,17708.0,60.3
310,NORTH LAWNDALE,STEM,Free,face_to_face,17,801.0,56.11764705882353,41.86119349058823,47.11764705882353,35912.0,25797.0,0.06,0.914,0.014,0.002,3.7,33.2,17.2,20.4,37.5,17708.0,60.3
311,NORTH LAWNDALE,STEM,Not Free,face_to_face,28,0.0,99.0,41.86425045785716,0.0,35912.0,25797.0,0.06,0.914,0.014,0.002,3.7,33.2,17.2,20.4,37.5,17708.0,60.3
312,NORTH PARK,Non-STEM,Free,face_to_face,257,106600.0,32.505836575875485,41.97518585645888,414.7859922178988,17931.0,53305.0,0.18,0.032,0.493,0.257,5.1,14.9,5.1,13.0,39.5,32507.0,44.1
313,NORTH PARK,Non-STEM,Free,online,4,2285.0,29.5,,571.25,17931.0,53305.0,0.18,0.032,0.493,0.257,5.1,14.9,5.1,13.0,39.5,32507.0,44.1
314,NORTH PARK,Non-STEM,Not Free,face_to_face,803,9868.0,14.627646326276464,41.98354086075997,12.288916562889165,17931.0,53305.0,0.18,0.032,0.493,0.257,5.1,14.9,5.1,13.0,39.5,32507.0,44.1
315,NORTH PARK,Non-STEM,Not Free,online,21,750.0,6.285714285714286,41.98391541571429,35.714285714285715,17931.0,53305.0,0.18,0.032,0.493,0.257,5.1,14.9,5.1,13.0,39.5,32507.0,44.1
316,NORTH PARK,STEM,Free,face_to_face,40,5913.0,80.175,41.97784462199998,147.825,17931.0,53305.0,0.18,0.032,0.493,0.257,5.1,14.9,5.1,13.0,39.5,32507.0,44.1
317,NORTH PARK,STEM,Not Free,face_to_face,20,183.0,16.55,41.98230552750001,9.15,17931.0,53305.0,0.18,0.032,0.493,0.257,5.1,14.9,5.1,13.0,39.5,32507.0,44.1
318,NORTH PARK,STEM,Not Free,online,1,20.0,6.0,41.98583221,20.0,17931.0,53305.0,0.18,0.032,0.493,0.257,5.1,14.9,5.1,13.0,39.5,32507.0,44.1
319,NORWOOD PARK,Non-STEM,Free,face_to_face,434,202549.0,64.32488479262673,41.98078642271902,466.7027649769585,37023.0,64477.0,0.12,0.004,0.815,0.046,1.2,8.2,4.3,7.3,41.0,45474.0,31.3
320,NORWOOD PARK,Non-STEM,Free,online,1,18.0,99.0,,18.0,37023.0,64477.0,0.12,0.004,0.815,0.046,1.2,8.2,4.3,7.3,41.0,45474.0,31.3
321,NORWOOD PARK,Non-STEM,Not Free,face_to_face,756,11812.0,19.425925925925927,41.98576787511919,15.624338624338625,37023.0,64477.0,0.12,0.004,0.815,0.046,1.2,8.2,4.3,7.3,41.0,45474.0,31.3
322,NORWOOD PARK,Non-STEM,Not Free,online,66,1171.0,49.84848484848485,41.98800202696967,17.742424242424242,37023.0,64477.0,0.12,0.004,0.815,0.046,1.2,8.2,4.3,7.3,41.0,45474.0,31.3
323,NORWOOD PARK,STEM,Free,face_to_face,4,18.0,99.0,41.9632244075,4.5,37023.0,64477.0,0.12,0.004,0.815,0.046,1.2,8.2,4.3,7.3,41.0,45474.0,31.3
324,NORWOOD PARK,STEM,Free,online,3,54.0,99.0,,18.0,37023.0,64477.0,0.12,0.004,0.815,0.046,1.2,8.2,4.3,7.3,41.0,45474.0,31.3
325,NORWOOD PARK,STEM,Not Free,face_to_face,11,66.0,56.72727272727273,41.98450886272728,6.0,37023.0,64477.0,0.12,0.004,0.815,0.046,1.2,8.2,4.3,7.3,41.0,45474.0,31.3
326,OHARE,Non-STEM,Free,face_to_face,5,215.0,16.8,41.961162568,43.0,12756.0,49601.0,0.095,0.032,0.772,0.083,3.1,10.4,3.8,8.3,32.8,35715.0,32.7
327,PORTAGE PARK,Non-STEM,Free,face_to_face,434,218335.0,40.47926267281106,41.95337944122128,503.07603686635946,64124.0,52356.0,0.388,0.013,0.535,0.046,4.1,9.3,5.5,12.9,33.9,33413.0,37.7
328,PORTAGE PARK,Non-STEM,Free,online,2,18.0,61.5,41.94014359,9.0,64124.0,52356.0,0.388,0.013,0.535,0.046,4.1,9.3,5.5,12.9,33.9,33413.0,37.7
329,PORTAGE PARK,Non-STEM,Not Free,face_to_face,715,10589.0,20.586013986013985,41.95857813946851,14.80979020979021,64124.0,52356.0,0.388,0.013,0.535,0.046,4.1,9.3,5.5,12.9,33.9,33413.0,37.7
330,PORTAGE PARK,Non-STEM,Not Free,online,22,243.0,66.72727272727273,41.95870208636364,11.045454545454545,64124.0,52356.0,0.388,0.013,0.535,0.046,4.1,9.3,5.5,12.9,33.9,33413.0,37.7
331,PORTAGE PARK,STEM,Free,face_to_face,15,843.0,39.333333333333336,41.95362192533333,56.2,64124.0,52356.0,0.388,0.013,0.535,0.046,4.1,9.3,5.5,12.9,33.9,33413.0,37.7
332,PORTAGE PARK,STEM,Not Free,face_to_face,19,78.0,50.73684210526316,41.96287898157896,4.105263157894737,64124.0,52356.0,0.388,0.013,0.535,0.046,4.1,9.3,5.5,12.9,33.9,33413.0,37.7
333,PORTAGE PARK,STEM,Not Free,online,1,10.0,13.0,41.96449661,10.0,64124.0,52356.0,0.388,0.013,0.535,0.046,4.1,9.3,5.5,12.9,33.9,33413.0,37.7
334,PULLMAN,Non-STEM,Free,face_to_face,782,30745.0,94.58056265984655,41.70827636539711,39.31585677749361,7325.0,40059.0,0.078,0.836,0.071,0.001,0.6,18.6,15.7,10.8,33.6,27871.0,41.5
335,PULLMAN,Non-STEM,Not Free,face_to_face,1963,41540.0,71.34691798267957,41.70846790657023,21.161487519103414,7325.0,40059.0,0.078,0.836,0.071,0.001,0.6,18.6,15.7,10.8,33.6,27871.0,41.5
336,PULLMAN,STEM,Free,face_to_face,3,30.0,44.333333333333336,41.70846685,10.0,7325.0,40059.0,0.078,0.836,0.071,0.001,0.6,18.6,15.7,10.8,33.6,27871.0,41.5
337,PULLMAN,STEM,Not Free,face_to_face,3,0.0,99.0,41.70809937,0.0,7325.0,40059.0,0.078,0.836,0.071,0.001,0.6,18.6,15.7,10.8,33.6,27871.0,41.5
338,RIVERDALE,Non-STEM,Free,face_to_face,210,7096.0,29.0,41.65630070195245,33.79047619047619,6482.0,13380.0,0.02,0.964,0.005,0.0,6.2,48.0,29.9,13.9,41.4,14175.0,76.5
339,RIVERDALE,Non-STEM,Not Free,face_to_face,49,532.0,63.02040816326531,41.655498509999966,10.857142857142858,6482.0,13380.0,0.02,0.964,0.005,0.0,6.2,48.0,29.9,13.9,41.4,14175.0,76.5
340,RIVERDALE,Non-STEM,Not Free,online,16,160.0,15.5,41.655498510000015,10.0,6482.0,13380.0,0.02,0.964,0.005,0.0,6.2,48.0,29.9,13.9,41.4,14175.0,76.5
341,RIVERDALE,STEM,Free,face_to_face,15,376.0,66.2,41.67087046266666,25.066666666666666,6482.0,13380.0,0.02,0.964,0.005,0.0,6.2,48.0,29.9,13.9,41.4,14175.0,76.5
342,RIVERDALE,STEM,Not Free,face_to_face,4,0.0,99.0,41.65549851,0.0,6482.0,13380.0,0.02,0.964,0.005,0.0,6.2,48.0,29.9,13.9,41.4,14175.0,76.5
343,ROGERS PARK,Non-STEM,Free,face_to_face,450,5004177.0,37.74666666666667,42.00855864840009,11120.393333333333,54991.0,39482.0,0.244,0.263,0.393,0.064,6.4,19.8,4.6,11.7,26.7,29682.0,40.9
344,ROGERS PARK,Non-STEM,Free,online,1,20.0,99.0,42.01086426,20.0,54991.0,39482.0,0.244,0.263,0.393,0.064,6.4,19.8,4.6,11.7,26.7,29682.0,40.9
345,ROGERS PARK,Non-STEM,Not Free,face_to_face,504,7888.0,35.035714285714285,42.011560228313535,15.65079365079365,54991.0,39482.0,0.244,0.263,0.393,0.064,6.4,19.8,4.6,11.7,26.7,29682.0,40.9
346,ROGERS PARK,Non-STEM,Not Free,online,31,775.0,37.225806451612904,42.0092374748387,25.0,54991.0,39482.0,0.244,0.263,0.393,0.064,6.4,19.8,4.6,11.7,26.7,29682.0,40.9
347,ROGERS PARK,STEM,Free,face_to_face,45,2430.0,97.2,42.008191515333365,54.0,54991.0,39482.0,0.244,0.263,0.393,0.064,6.4,19.8,4.6,11.7,26.7,29682.0,40.9
348,ROGERS PARK,STEM,Not Free,face_to_face,63,340.0,84.84126984126983,42.01218432492061,5.396825396825397,54991.0,39482.0,0.244,0.263,0.393,0.064,6.4,19.8,4.6,11.7,26.7,29682.0,40.9
349,ROSELAND,Non-STEM,Free,face_to_face,451,4145499.0,47.91130820399113,41.74335188155194,9191.793791574279,44619.0,40142.0,0.01,0.974,0.004,0.001,2.2,22.1,19.0,13.8,39.8,20782.0,52.9
350,ROSELAND,Non-STEM,Free,online,8,38.0,51.5,41.77149709,4.75,44619.0,40142.0,0.01,0.974,0.004,0.001,2.2,22.1,19.0,13.8,39.8,20782.0,52.9
351,ROSELAND,Non-STEM,Not Free,face_to_face,396,6070.0,39.025252525252526,41.725081285862785,15.328282828282829,44619.0,40142.0,0.01,0.974,0.004,0.001,2.2,22.1,19.0,13.8,39.8,20782.0,52.9
352,ROSELAND,Non-STEM,Not Free,online,81,1702.0,32.27160493827161,41.774567588831204,21.012345679012345,44619.0,40142.0,0.01,0.974,0.004,0.001,2.2,22.1,19.0,13.8,39.8,20782.0,52.9
353,ROSELAND,STEM,Free,face_to_face,13,289.0,39.0,41.759077807692314,22.23076923076923,44619.0,40142.0,0.01,0.974,0.004,0.001,2.2,22.1,19.0,13.8,39.8,20782.0,52.9
354,ROSELAND,STEM,Free,online,1,0.0,21.0,,0.0,44619.0,40142.0,0.01,0.974,0.004,0.001,2.2,22.1,19.0,13.8,39.8,20782.0,52.9
355,ROSELAND,STEM,Not Free,face_to_face,12,45.0,85.16666666666667,41.70151075,3.75,44619.0,40142.0,0.01,0.974,0.004,0.001,2.2,22.1,19.0,13.8,39.8,20782.0,52.9
356,SOUTH CHICAGO,Non-STEM,Free,face_to_face,478,200472.0,25.50836820083682,41.737897108996115,419.39748953974896,31198.0,31164.0,0.217,0.747,0.019,0.002,3.3,27.5,16.1,17.7,40.3,19443.0,57.0
357,SOUTH CHICAGO,Non-STEM,Free,online,3,56.0,99.0,41.73288727,18.666666666666668,31198.0,31164.0,0.217,0.747,0.019,0.002,3.3,27.5,16.1,17.7,40.3,19443.0,57.0
358,SOUTH CHICAGO,Non-STEM,Not Free,face_to_face,124,2149.0,56.725806451612904,41.73817252895157,17.330645161290324,31198.0,31164.0,0.217,0.747,0.019,0.002,3.3,27.5,16.1,17.7,40.3,19443.0,57.0
359,SOUTH CHICAGO,Non-STEM,Not Free,online,5,110.0,99.0,41.73288727,22.0,31198.0,31164.0,0.217,0.747,0.019,0.002,3.3,27.5,16.1,17.7,40.3,19443.0,57.0
360,SOUTH CHICAGO,STEM,Free,face_to_face,22,555.0,26.318181818181817,41.74281900954545,25.227272727272727,31198.0,31164.0,0.217,0.747,0.019,0.002,3.3,27.5,16.1,17.7,40.3,19443.0,57.0
361,SOUTH CHICAGO,STEM,Not Free,face_to_face,8,0.0,99.0,41.738649365,0.0,31198.0,31164.0,0.217,0.747,0.019,0.002,3.3,27.5,16.1,17.7,40.3,19443.0,57.0
362,SOUTH DEERING,Non-STEM,Free,face_to_face,309,1863874.0,43.58576051779935,41.717694886084075,6031.954692556635,15109.0,38594.0,0.318,0.619,0.048,0.001,2.1,30.3,17.1,19.6,43.2,19184.0,59.2
363,SOUTH DEERING,Non-STEM,Free,online,5,1891.0,61.0,,378.2,15109.0,38594.0,0.318,0.619,0.048,0.001,2.1,30.3,17.1,19.6,43.2,19184.0,59.2
364,SOUTH DEERING,Non-STEM,Not Free,face_to_face,80,942.0,42.9625,41.70938692137498,11.775,15109.0,38594.0,0.318,0.619,0.048,0.001,2.1,30.3,17.1,19.6,43.2,19184.0,59.2
365,SOUTH DEERING,Non-STEM,Not Free,online,1,8.0,99.0,41.71806717,8.0,15109.0,38594.0,0.318,0.619,0.048,0.001,2.1,30.3,17.1,19.6,43.2,19184.0,59.2
366,SOUTH DEERING,STEM,Free,face_to_face,47,2446.0,83.0,41.70940837723406,52.04255319148936,15109.0,38594.0,0.318,0.619,0.048,0.001,2.1,30.3,17.1,19.6,43.2,19184.0,59.2
367,SOUTH DEERING,STEM,Not Free,face_to_face,17,42.0,73.76470588235294,41.70198171470589,2.4705882352941178,15109.0,38594.0,0.318,0.619,0.048,0.001,2.1,30.3,17.1,19.6,43.2,19184.0,59.2
368,SOUTH SHORE,Non-STEM,Free,face_to_face,203,8434.0,41.935960591133004,41.764076290541844,41.54679802955665,52010.0,27903.0,0.017,0.949,0.014,0.002,2.8,29.5,15.8,9.8,37.3,26789.0,50.5
369,SOUTH SHORE,Non-STEM,Free,online,9,255.0,99.0,41.76582718,28.333333333333332,52010.0,27903.0,0.017,0.949,0.014,0.002,2.8,29.5,15.8,9.8,37.3,26789.0,50.5
370,SOUTH SHORE,Non-STEM,Not Free,face_to_face,389,3841.0,55.68380462724936,41.76569681285335,9.874035989717223,52010.0,27903.0,0.017,0.949,0.014,0.002,2.8,29.5,15.8,9.8,37.3,26789.0,50.5
371,SOUTH SHORE,Non-STEM,Not Free,online,33,320.0,45.42424242424242,41.76577666393939,9.696969696969697,52010.0,27903.0,0.017,0.949,0.014,0.002,2.8,29.5,15.8,9.8,37.3,26789.0,50.5
372,SOUTH SHORE,STEM,Free,face_to_face,1,0.0,18.0,41.76649857,0.0,52010.0,27903.0,0.017,0.949,0.014,0.002,2.8,29.5,15.8,9.8,37.3,26789.0,50.5
373,SOUTH SHORE,STEM,Not Free,face_to_face,21,0.0,99.0,41.76622826714287,0.0,52010.0,27903.0,0.017,0.949,0.014,0.002,2.8,29.5,15.8,9.8,37.3,26789.0,50.5
374,UPTOWN,Non-STEM,Free,face_to_face,493,109232.0,31.31440162271805,41.96019616430041,221.5659229208925,56362.0,40324.0,0.142,0.2,0.516,0.114,4.4,19.0,3.3,9.8,24.4,42112.0,32.4
375,UPTOWN,Non-STEM,Free,online,2,184139.0,99.0,,92069.5,56362.0,40324.0,0.142,0.2,0.516,0.114,4.4,19.0,3.3,9.8,24.4,42112.0,32.4
376,UPTOWN,Non-STEM,Not Free,face_to_face,240,3401.0,34.87916666666667,41.968355131458374,14.170833333333333,56362.0,40324.0,0.142,0.2,0.516,0.114,4.4,19.0,3.3,9.8,24.4,42112.0,32.4
377,UPTOWN,Non-STEM,Not Free,online,11,220.0,24.90909090909091,41.97095038818181,20.0,56362.0,40324.0,0.142,0.2,0.516,0.114,4.4,19.0,3.3,9.8,24.4,42112.0,32.4
378,UPTOWN,STEM,Free,face_to_face,15,345.0,20.866666666666667,41.96618576133333,23.0,56362.0,40324.0,0.142,0.2,0.516,0.114,4.4,19.0,3.3,9.8,24.4,42112.0,32.4
379,UPTOWN,STEM,Not Free,face_to_face,21,57.0,73.0,41.96810931238095,2.7142857142857144,56362.0,40324.0,0.142,0.2,0.516,0.114,4.4,19.0,3.3,9.8,24.4,42112.0,32.4
380,WASHINGTON HEIGHTS,Non-STEM,Free,face_to_face,565,101339.0,36.64247787610619,41.72264476713253,179.36106194690265,26493.0,42053.0,0.01,0.974,0.005,0.0,0.8,20.0,14.2,11.4,40.0,24294.0,45.9
381,WASHINGTON HEIGHTS,Non-STEM,Free,online,4,481.0,29.25,,120.25,26493.0,42053.0,0.01,0.974,0.005,0.0,0.8,20.0,14.2,11.4,40.0,24294.0,45.9
382,WASHINGTON HEIGHTS,Non-STEM,Not Free,face_to_face,208,3346.0,31.903846153846153,41.72256128874996,16.08653846153846,26493.0,42053.0,0.01,0.974,0.005,0.0,0.8,20.0,14.2,11.4,40.0,24294.0,45.9
383,WASHINGTON HEIGHTS,Non-STEM,Not Free,online,3,18.0,15.0,41.72058106,6.0,26493.0,42053.0,0.01,0.974,0.005,0.0,0.8,20.0,14.2,11.4,40.0,24294.0,45.9
384,WASHINGTON HEIGHTS,STEM,Free,face_to_face,68,5020.0,38.13235294117647,41.71967798264706,73.82352941176471,26493.0,42053.0,0.01,0.974,0.005,0.0,0.8,20.0,14.2,11.4,40.0,24294.0,45.9
385,WASHINGTON HEIGHTS,STEM,Not Free,face_to_face,9,30.0,89.88888888888889,41.72020340222222,3.3333333333333335,26493.0,42053.0,0.01,0.974,0.005,0.0,0.8,20.0,14.2,11.4,40.0,24294.0,45.9
386,WASHINGTON PARK,Non-STEM,Free,face_to_face,84,4690.0,45.51190476190476,41.78951358833329,55.833333333333336,11717.0,21899.0,0.009,0.97,0.007,0.001,2.3,41.8,17.9,16.5,39.4,16193.0,61.3
387,WASHINGTON PARK,Non-STEM,Free,online,1,20.0,99.0,41.78852081,20.0,11717.0,21899.0,0.009,0.97,0.007,0.001,2.3,41.8,17.9,16.5,39.4,16193.0,61.3
388,WASHINGTON PARK,Non-STEM,Not Free,face_to_face,159,1730.0,52.515723270440255,41.78884482264157,10.880503144654089,11717.0,21899.0,0.009,0.97,0.007,0.001,2.3,41.8,17.9,16.5,39.4,16193.0,61.3
389,WASHINGTON PARK,Non-STEM,Not Free,online,66,1575.0,24.272727272727273,41.79016737212122,23.863636363636363,11717.0,21899.0,0.009,0.97,0.007,0.001,2.3,41.8,17.9,16.5,39.4,16193.0,61.3
390,WASHINGTON PARK,STEM,Free,face_to_face,9,154.0,24.555555555555557,41.78912396000001,17.11111111111111,11717.0,21899.0,0.009,0.97,0.007,0.001,2.3,41.8,17.9,16.5,39.4,16193.0,61.3
391,WASHINGTON PARK,STEM,Not Free,face_to_face,9,0.0,99.0,41.78850174000001,0.0,11717.0,21899.0,0.009,0.97,0.007,0.001,2.3,41.8,17.9,16.5,39.4,16193.0,61.3
392,WEST ELSDON,Non-STEM,Free,face_to_face,15,1133.0,69.0,41.78908132133334,75.53333333333333,18109.0,51003.0,0.79,0.014,0.179,0.012,5.9,10.2,9.7,26.0,40.0,23007.0,54.0
393,WEST ELSDON,Non-STEM,Not Free,face_to_face,200,1991.0,12.365,41.78891515919987,9.955,18109.0,51003.0,0.79,0.014,0.179,0.012,5.9,10.2,9.7,26.0,40.0,23007.0,54.0
394,WEST ELSDON,Non-STEM,Not Free,online,12,150.0,8.75,41.787683168333345,12.5,18109.0,51003.0,0.79,0.014,0.179,0.012,5.9,10.2,9.7,26.0,40.0,23007.0,54.0
395,WEST ELSDON,STEM,Free,face_to_face,1,10.0,99.0,41.79483414,10.0,18109.0,51003.0,0.79,0.014,0.179,0.012,5.9,10.2,9.7,26.0,40.0,23007.0,54.0
396,WEST ELSDON,STEM,Not Free,face_to_face,3,30.0,5.333333333333333,41.79221090000001,10.0,18109.0,51003.0,0.79,0.014,0.179,0.012,5.9,10.2,9.7,26.0,40.0,23007.0,54.0
397,WEST ENGLEWOOD,Non-STEM,Free,face_to_face,328,20447.0,30.11280487804878,41.77816485265236,62.33841463414634,35505.0,26654.0,0.022,0.963,0.004,0.001,2.5,29.9,24.5,19.5,43.0,17441.0,64.1
398,WEST ENGLEWOOD,Non-STEM,Not Free,face_to_face,149,3612.0,51.20805369127517,41.777801206778484,24.241610738255034,35505.0,26654.0,0.022,0.963,0.004,0.001,2.5,29.9,24.5,19.5,43.0,17441.0,64.1
399,WEST ENGLEWOOD,Non-STEM,Not Free,online,14,152.0,45.357142857142854,41.78436987999999,10.857142857142858,35505.0,26654.0,0.022,0.963,0.004,0.001,2.5,29.9,24.5,19.5,43.0,17441.0,64.1
400,WEST ENGLEWOOD,STEM,Free,face_to_face,1,9918.0,99.0,41.77909851,9918.0,35505.0,26654.0,0.022,0.963,0.004,0.001,2.5,29.9,24.5,19.5,43.0,17441.0,64.1
401,WEST ENGLEWOOD,STEM,Not Free,face_to_face,6,0.0,99.0,41.7791996,0.0,35505.0,26654.0,0.022,0.963,0.004,0.001,2.5,29.9,24.5,19.5,43.0,17441.0,64.1
402,WEST LAWN,Non-STEM,Free,face_to_face,237,79991.0,53.32067510548523,41.779427688312225,337.51476793248946,33355.0,46891.0,0.8,0.042,0.148,0.006,7.0,14.4,10.3,28.2,40.9,21706.0,59.2
403,WEST LAWN,Non-STEM,Free,online,3,1852.0,67.33333333333333,,617.3333333333334,33355.0,46891.0,0.8,0.042,0.148,0.006,7.0,14.4,10.3,28.2,40.9,21706.0,59.2
404,WEST LAWN,Non-STEM,Not Free,face_to_face,323,6383.0,27.572755417956657,41.774729986749506,19.761609907120743,33355.0,46891.0,0.8,0.042,0.148,0.006,7.0,14.4,10.3,28.2,40.9,21706.0,59.2
405,WEST LAWN,Non-STEM,Not Free,online,5,65.0,13.0,41.7748642,13.0,33355.0,46891.0,0.8,0.042,0.148,0.006,7.0,14.4,10.3,28.2,40.9,21706.0,59.2
406,WEST LAWN,STEM,Free,face_to_face,17,2073.0,46.23529411764706,41.775618162941186,121.94117647058823,33355.0,46891.0,0.8,0.042,0.148,0.006,7.0,14.4,10.3,28.2,40.9,21706.0,59.2
407,WEST LAWN,STEM,Not Free,face_to_face,7,0.0,99.0,41.77489853000001,0.0,33355.0,46891.0,0.8,0.042,0.148,0.006,7.0,14.4,10.3,28.2,40.9,21706.0,59.2
408,WEST PULLMAN,Non-STEM,Free,face_to_face,318,101007.0,61.37106918238994,41.67581787499998,317.6320754716981,29651.0,39601.0,0.051,0.931,0.006,0.0,2.9,19.4,20.7,14.1,39.1,22615.0,53.5
409,WEST PULLMAN,Non-STEM,Free,online,2,18.0,61.5,41.67711258,9.0,29651.0,39601.0,0.051,0.931,0.006,0.0,2.9,19.4,20.7,14.1,39.1,22615.0,53.5
410,WEST PULLMAN,Non-STEM,Not Free,face_to_face,183,3015.0,45.39344262295082,41.67134125644814,16.475409836065573,29651.0,39601.0,0.051,0.931,0.006,0.0,2.9,19.4,20.7,14.1,39.1,22615.0,53.5
411,WEST PULLMAN,Non-STEM,Not Free,online,30,462.0,62.233333333333334,41.670047759999996,15.4,29651.0,39601.0,0.051,0.931,0.006,0.0,2.9,19.4,20.7,14.1,39.1,22615.0,53.5
412,WEST PULLMAN,STEM,Free,face_to_face,25,632.0,77.52,41.67688384959998,25.28,29651.0,39601.0,0.051,0.931,0.006,0.0,2.9,19.4,20.7,14.1,39.1,22615.0,53.5
413,WEST PULLMAN,STEM,Not Free,face_to_face,4,0.0,99.0,41.673023225,0.0,29651.0,39601.0,0.051,0.931,0.006,0.0,2.9,19.4,20.7,14.1,39.1,22615.0,53.5
414,WEST RIDGE,Non-STEM,Free,face_to_face,372,57345.0,42.22043010752688,41.99165238631703,154.15322580645162,71942.0,47323.0,0.204,0.111,0.427,0.225,8.1,14.6,6.3,17.4,39.4,27671.0,52.1
415,WEST RIDGE,Non-STEM,Free,online,2,560.0,14.0,,280.0,71942.0,47323.0,0.204,0.111,0.427,0.225,8.1,14.6,6.3,17.4,39.4,27671.0,52.1
416,WEST RIDGE,Non-STEM,Not Free,face_to_face,490,6901.0,45.51632653061225,42.00142671818363,14.083673469387755,71942.0,47323.0,0.204,0.111,0.427,0.225,8.1,14.6,6.3,17.4,39.4,27671.0,52.1
417,WEST RIDGE,Non-STEM,Not Free,online,69,1260.0,32.594202898550726,42.000306889420266,18.26086956521739,71942.0,47323.0,0.204,0.111,0.427,0.225,8.1,14.6,6.3,17.4,39.4,27671.0,52.1
418,WEST RIDGE,STEM,Free,face_to_face,7,268.0,41.42857142857143,41.99902452428572,38.285714285714285,71942.0,47323.0,0.204,0.111,0.427,0.225,8.1,14.6,6.3,17.4,39.4,27671.0,52.1
419,WEST RIDGE,STEM,Not Free,face_to_face,42,177.0,59.73809523809524,42.002821057857126,4.214285714285714,71942.0,47323.0,0.204,0.111,0.427,0.225,8.1,14.6,6.3,17.4,39.4,27671.0,52.1
420,WEST RIDGE,STEM,Not Free,online,4,50.0,8.25,42.005194662499996,12.5,71942.0,47323.0,0.204,0.111,0.427,0.225,8.1,14.6,6.3,17.4,39.4,27671.0,52.1
421,WEST TOWN,Non-STEM,Free,face_to_face,478,28853.0,46.56066945606695,41.89783383769881,60.36192468619247,82236.0,60720.0,0.291,0.078,0.572,0.038,1.3,8.8,3.2,5.8,19.4,68188.0,14.8
422,WEST TOWN,Non-STEM,Free,online,8,105.0,17.375,41.89658356,13.125,82236.0,60720.0,0.291,0.078,0.572,0.038,1.3,8.8,3.2,5.8,19.4,68188.0,14.8
423,WEST TOWN,Non-STEM,Not Free,face_to_face,1095,15389.0,33.765296803652966,41.899875511251224,14.053881278538812,82236.0,60720.0,0.291,0.078,0.572,0.038,1.3,8.8,3.2,5.8,19.4,68188.0,14.8
424,WEST TOWN,Non-STEM,Not Free,online,102,1768.0,24.647058823529413,41.89528899166669,17.333333333333332,82236.0,60720.0,0.291,0.078,0.572,0.038,1.3,8.8,3.2,5.8,19.4,68188.0,14.8
425,WEST TOWN,STEM,Free,face_to_face,12,730.0,63.916666666666664,41.890553475833336,60.833333333333336,82236.0,60720.0,0.291,0.078,0.572,0.038,1.3,8.8,3.2,5.8,19.4,68188.0,14.8
426,WEST TOWN,STEM,Not Free,face_to_face,71,183.0,84.78873239436619,41.898159513380264,2.5774647887323945,82236.0,60720.0,0.291,0.078,0.572,0.038,1.3,8.8,3.2,5.8,19.4,68188.0,14.8
427,WEST TOWN,STEM,Not Free,online,3,45.0,11.0,41.90675736,15.0,82236.0,60720.0,0.291,0.078,0.572,0.038,1.3,8.8,3.2,5.8,19.4,68188.0,14.8
428,WOODLAWN,Non-STEM,Free,face_to_face,209,2022111.0,37.57416267942584,41.7844948108613,9675.172248803829,23740.0,27413.0,0.021,0.868,0.068,0.023,4.0,31.1,15.9,12.7,33.8,22457.0,53.1
429,WOODLAWN,Non-STEM,Free,online,5,175.0,52.8,41.795475010000004,35.0,23740.0,27413.0,0.021,0.868,0.068,0.023,4.0,31.1,15.9,12.7,33.8,22457.0,53.1
430,WOODLAWN,Non-STEM,Not Free,face_to_face,249,3375.0,65.83534136546184,41.781178654879156,13.55421686746988,23740.0,27413.0,0.021,0.868,0.068,0.023,4.0,31.1,15.9,12.7,33.8,22457.0,53.1
431,WOODLAWN,Non-STEM,Not Free,online,23,332.0,55.869565217391305,41.781738280000006,14.434782608695652,23740.0,27413.0,0.021,0.868,0.068,0.023,4.0,31.1,15.9,12.7,33.8,22457.0,53.1
432,WOODLAWN,STEM,Free,face_to_face,5,250.0,48.8,41.778427122,50.0,23740.0,27413.0,0.021,0.868,0.068,0.023,4.0,31.1,15.9,12.7,33.8,22457.0,53.1
433,WOODLAWN,STEM,Not Free,face_to_face,18,0.0,99.0,41.780250545,0.0,23740.0,27413.0,0.021,0.868,0.068,0.023,4.0,31.1,15.9,12.7,33.8,22457.0,53.1
